lda_projection,label
-8.202773548947857307e+01,1.000000000000000000e+00
-6.670449015361086254e+01,0.000000000000000000e+00
-8.072659181385131433e+01,1.000000000000000000e+00
-8.686922668712657014e+01,1.000000000000000000e+00
-8.121455912108839925e+01,1.000000000000000000e+00
-8.259713513908910443e+01,1.000000000000000000e+00
-6.677082229143503866e+01,0.000000000000000000e+00
-6.504405847327629431e+01,0.000000000000000000e+00
-7.030108710530465999e+01,0.000000000000000000e+00
-8.730349364119550160e+01,1.000000000000000000e+00
-6.909497373359117489e+01,0.000000000000000000e+00
-6.764558030663596355e+01,0.000000000000000000e+00
-6.808355517557791359e+01,0.000000000000000000e+00
-7.950940397615437405e+01,1.000000000000000000e+00
-8.319047470819415935e+01,1.000000000000000000e+00
-6.380771930382218216e+01,0.000000000000000000e+00
-6.500240613394822731e+01,0.000000000000000000e+00
-8.273367751155235794e+01,1.000000000000000000e+00
-8.052951209909295471e+01,1.000000000000000000e+00
-5.988012466410724954e+01,0.000000000000000000e+00
-8.053263456641039397e+01,1.000000000000000000e+00
-7.425520962701115479e+01,1.000000000000000000e+00
-8.125705948056125294e+01,1.000000000000000000e+00
-6.634538196750156658e+01,0.000000000000000000e+00
-6.360634213988566898e+01,0.000000000000000000e+00
-8.051564226158747317e+01,1.000000000000000000e+00
-7.854914588829461763e+01,1.000000000000000000e+00
-8.061720845017434556e+01,1.000000000000000000e+00
-8.512832771260620746e+01,1.000000000000000000e+00
-8.222846369709490943e+01,1.000000000000000000e+00
-6.728396804127471853e+01,0.000000000000000000e+00
-6.057180706980710028e+01,0.000000000000000000e+00
-6.490967858148171388e+01,0.000000000000000000e+00
-7.936190699162737872e+01,1.000000000000000000e+00
-8.136785118690568197e+01,1.000000000000000000e+00
-7.759192106610321105e+01,1.000000000000000000e+00
-6.306780624518789580e+01,0.000000000000000000e+00
-8.401225042346540306e+01,1.000000000000000000e+00
-6.071301469657981897e+01,0.000000000000000000e+00
-7.851481589264226102e+01,1.000000000000000000e+00
-8.081885531958091917e+01,1.000000000000000000e+00
-7.601148112814649949e+01,1.000000000000000000e+00
-8.776220711321391832e+01,1.000000000000000000e+00
-8.243584945911003103e+01,1.000000000000000000e+00
-7.633292836565333062e+01,1.000000000000000000e+00
-6.442441482423029697e+01,0.000000000000000000e+00
-6.769980012441499184e+01,0.000000000000000000e+00
-7.925583618057052604e+01,1.000000000000000000e+00
-7.921567125439852930e+01,1.000000000000000000e+00
-7.354753597002209631e+01,1.000000000000000000e+00
-7.012303920895820397e+01,0.000000000000000000e+00
-7.998640003080670624e+01,1.000000000000000000e+00
-6.758880908455579117e+01,0.000000000000000000e+00
-7.847323183935196766e+01,1.000000000000000000e+00
-6.661394705867675725e+01,0.000000000000000000e+00
-8.504320504053472973e+01,1.000000000000000000e+00
-8.526537900724017049e+01,1.000000000000000000e+00
-6.947991961619445078e+01,0.000000000000000000e+00
-5.788388293282499575e+01,0.000000000000000000e+00
-7.595970871537835478e+01,1.000000000000000000e+00
-8.826622385209493871e+01,1.000000000000000000e+00
-6.518847560334852176e+01,0.000000000000000000e+00
-7.905508290309829533e+01,1.000000000000000000e+00
-6.992582823946999326e+01,0.000000000000000000e+00
-8.308951489057116646e+01,1.000000000000000000e+00
-7.926418353133932726e+01,1.000000000000000000e+00
-8.124510215226831633e+01,1.000000000000000000e+00
-7.962271833364762585e+01,1.000000000000000000e+00
-6.970147155272458406e+01,0.000000000000000000e+00
-6.938134186409230608e+01,0.000000000000000000e+00
-6.502978394775909976e+01,0.000000000000000000e+00
-7.567179414411975813e+01,1.000000000000000000e+00
-7.984507807010562885e+01,1.000000000000000000e+00
-7.219660367798967116e+01,0.000000000000000000e+00
-8.295260159029473357e+01,1.000000000000000000e+00
-7.663109685795780024e+01,1.000000000000000000e+00
-8.080534696593878152e+01,1.000000000000000000e+00
-6.603715484222647092e+01,0.000000000000000000e+00
-7.778999796116468701e+01,1.000000000000000000e+00
-8.349202457813592559e+01,1.000000000000000000e+00
-6.698736351339223916e+01,0.000000000000000000e+00
-7.829157181318045389e+01,1.000000000000000000e+00
-6.685631063026049503e+01,0.000000000000000000e+00
-8.164242170372541807e+01,1.000000000000000000e+00
-7.145922395005854355e+01,0.000000000000000000e+00
-8.597023238083890817e+01,1.000000000000000000e+00
-6.539584772023978587e+01,0.000000000000000000e+00
-8.163959155279417246e+01,1.000000000000000000e+00
-6.897894651953163248e+01,0.000000000000000000e+00
-6.878540566483030716e+01,0.000000000000000000e+00
-8.227709729582173281e+01,1.000000000000000000e+00
-8.633228011945510616e+01,1.000000000000000000e+00
-8.168465403787742218e+01,1.000000000000000000e+00
-6.240765146864617918e+01,0.000000000000000000e+00
-7.897424528290022749e+01,1.000000000000000000e+00
-6.803477352438653725e+01,0.000000000000000000e+00
-6.159100168729652580e+01,0.000000000000000000e+00
-6.744671707280008377e+01,0.000000000000000000e+00
-7.704254991612710057e+01,1.000000000000000000e+00
-8.138292682485170815e+01,1.000000000000000000e+00
-8.686896097067636902e+01,1.000000000000000000e+00
-6.614152132499975778e+01,0.000000000000000000e+00
-6.249281619697946155e+01,0.000000000000000000e+00
-7.951968786631962871e+01,1.000000000000000000e+00
-8.225488644540780570e+01,1.000000000000000000e+00
-7.249168348315470212e+01,1.000000000000000000e+00
-6.348505462810685174e+01,0.000000000000000000e+00
-6.644663282556430772e+01,0.000000000000000000e+00
-7.789051816437917353e+01,1.000000000000000000e+00
-6.775201196283832417e+01,0.000000000000000000e+00
-8.859027498354345198e+01,1.000000000000000000e+00
-7.717298432198404612e+01,1.000000000000000000e+00
-6.268073621244433014e+01,0.000000000000000000e+00
-6.503775415189605269e+01,0.000000000000000000e+00
-7.554726006780627756e+01,1.000000000000000000e+00
-7.719665837462510183e+01,1.000000000000000000e+00
-7.170292496406801774e+01,0.000000000000000000e+00
-7.090057745121646349e+01,0.000000000000000000e+00
-8.206050843696628760e+01,1.000000000000000000e+00
-7.934768600480094847e+01,1.000000000000000000e+00
-7.636815917760769423e+01,1.000000000000000000e+00
-8.006995286949373281e+01,1.000000000000000000e+00
-7.578572178201372367e+01,1.000000000000000000e+00
-7.772377850546376976e+01,1.000000000000000000e+00
-8.680807508820740281e+01,1.000000000000000000e+00
-7.566893952901928344e+01,1.000000000000000000e+00
-6.496804304806123298e+01,0.000000000000000000e+00
-6.451557840897181961e+01,0.000000000000000000e+00
-6.107472718762290498e+01,0.000000000000000000e+00
-7.852942690874118625e+01,1.000000000000000000e+00
-8.223036181185790383e+01,1.000000000000000000e+00
-6.959727585355092572e+01,0.000000000000000000e+00
-6.674066702601440682e+01,0.000000000000000000e+00
-8.161203327307947575e+01,1.000000000000000000e+00
-8.108028320635952468e+01,1.000000000000000000e+00
-8.356045213985052555e+01,1.000000000000000000e+00
-8.159427680024036533e+01,1.000000000000000000e+00
-8.012782566278421825e+01,1.000000000000000000e+00
-6.402720529871284327e+01,0.000000000000000000e+00
-6.326705837824518852e+01,0.000000000000000000e+00
-7.798454479813850071e+01,1.000000000000000000e+00
-5.900540539932470097e+01,0.000000000000000000e+00
-7.441594062701975076e+01,0.000000000000000000e+00
-6.186059523910729041e+01,0.000000000000000000e+00
-6.548859320545214757e+01,0.000000000000000000e+00
-6.168769586857004583e+01,0.000000000000000000e+00
-7.971104737625560688e+01,1.000000000000000000e+00
-6.294254427008361574e+01,0.000000000000000000e+00
-7.768862900781198277e+01,1.000000000000000000e+00
-6.906537269592202222e+01,0.000000000000000000e+00
-6.925885698685783609e+01,0.000000000000000000e+00
-8.414276507537847749e+01,1.000000000000000000e+00
-8.454682110694371033e+01,1.000000000000000000e+00
-6.756466084010253326e+01,0.000000000000000000e+00
-8.982307878691719338e+01,1.000000000000000000e+00
-7.535958052349735681e+01,1.000000000000000000e+00
-8.491475567528627266e+01,1.000000000000000000e+00
-7.769464160202565495e+01,1.000000000000000000e+00
-8.712621120293560750e+01,1.000000000000000000e+00
-7.444069160307547861e+01,1.000000000000000000e+00
-7.023850493008544049e+01,0.000000000000000000e+00
-6.275186388931689407e+01,0.000000000000000000e+00
-7.681430508252681477e+01,1.000000000000000000e+00
-6.739250650997212233e+01,0.000000000000000000e+00
-7.727617766427310642e+01,1.000000000000000000e+00
-7.985334859561987741e+01,1.000000000000000000e+00
-6.649695988160713966e+01,0.000000000000000000e+00
-7.107654518166428659e+01,0.000000000000000000e+00
-8.503705372116650096e+01,1.000000000000000000e+00
-6.385288342286487762e+01,0.000000000000000000e+00
-7.009238817910731711e+01,0.000000000000000000e+00
-6.520312569885992104e+01,0.000000000000000000e+00
-7.912267731385647096e+01,1.000000000000000000e+00
-7.522470389889090825e+01,1.000000000000000000e+00
-6.048621191730139657e+01,0.000000000000000000e+00
-6.759808801941464651e+01,0.000000000000000000e+00
-7.153180758307382803e+01,0.000000000000000000e+00
-6.171700219342365301e+01,0.000000000000000000e+00
-6.534563042726954052e+01,0.000000000000000000e+00
-6.134506737298360690e+01,0.000000000000000000e+00
-8.429810493770213498e+01,1.000000000000000000e+00
-6.171144842377033513e+01,0.000000000000000000e+00
-8.239823883768379176e+01,1.000000000000000000e+00
-6.036921249336445783e+01,0.000000000000000000e+00
-8.270621845924077320e+01,1.000000000000000000e+00
-7.286933113277413554e+01,0.000000000000000000e+00
-6.730085442548924846e+01,0.000000000000000000e+00
-7.474947921856355038e+01,1.000000000000000000e+00
-5.946431486914300280e+01,0.000000000000000000e+00
-7.392006690325297313e+01,1.000000000000000000e+00
-8.091223294790960097e+01,1.000000000000000000e+00
-8.733815369642101700e+01,1.000000000000000000e+00
-6.785134517576322821e+01,0.000000000000000000e+00
-7.863845480389038300e+01,1.000000000000000000e+00
-7.030905659818917286e+01,0.000000000000000000e+00
-6.909998559415934949e+01,0.000000000000000000e+00
-6.416460471968163404e+01,0.000000000000000000e+00
-6.595040908613745501e+01,0.000000000000000000e+00
-8.107295129396547395e+01,1.000000000000000000e+00
-7.866463986587766044e+01,1.000000000000000000e+00
-8.222325673644351696e+01,1.000000000000000000e+00
-8.103996337428573327e+01,1.000000000000000000e+00
-6.928212544927622218e+01,0.000000000000000000e+00
-8.631015433021984506e+01,1.000000000000000000e+00
-6.275855520157207224e+01,0.000000000000000000e+00
-8.188955144511203343e+01,1.000000000000000000e+00
-6.677933978324949749e+01,0.000000000000000000e+00
-8.358444939709819721e+01,1.000000000000000000e+00
-7.744261162709490520e+01,1.000000000000000000e+00
-7.811613406843892449e+01,1.000000000000000000e+00
-6.920241652474955174e+01,0.000000000000000000e+00
-6.665416853622758708e+01,0.000000000000000000e+00
-8.261785520103460101e+01,1.000000000000000000e+00
-6.240652806281602238e+01,0.000000000000000000e+00
-6.425678643345237617e+01,0.000000000000000000e+00
-6.263651238829956469e+01,0.000000000000000000e+00
-7.904503363019769324e+01,1.000000000000000000e+00
-6.869241639177099046e+01,0.000000000000000000e+00
-6.367041821652973965e+01,0.000000000000000000e+00
-6.531001757928548557e+01,0.000000000000000000e+00
-7.962982308994493508e+01,1.000000000000000000e+00
-6.197531561334110961e+01,0.000000000000000000e+00
-6.132624943639329018e+01,0.000000000000000000e+00
-8.049844964826736771e+01,1.000000000000000000e+00
-6.813206494272370151e+01,0.000000000000000000e+00
-8.367865845192486063e+01,1.000000000000000000e+00
-6.285650927142275890e+01,0.000000000000000000e+00
-8.112502645727568051e+01,1.000000000000000000e+00
-8.704846987919830781e+01,1.000000000000000000e+00
-7.944642375176037774e+01,1.000000000000000000e+00
-6.703263990387466720e+01,0.000000000000000000e+00
-6.430086883920041885e+01,0.000000000000000000e+00
-8.131000485484308626e+01,1.000000000000000000e+00
-5.830261315242597675e+01,0.000000000000000000e+00
-8.136446303463542051e+01,1.000000000000000000e+00
-8.247436781539822448e+01,1.000000000000000000e+00
-6.822109670321438557e+01,0.000000000000000000e+00
-6.617947855317731864e+01,0.000000000000000000e+00
-8.445488811254915618e+01,1.000000000000000000e+00
-7.898476315622096422e+01,1.000000000000000000e+00
-8.426961444343153573e+01,1.000000000000000000e+00
-7.953409797301803508e+01,1.000000000000000000e+00
-8.134813169340822014e+01,1.000000000000000000e+00
-7.551729639362136481e+01,1.000000000000000000e+00
-6.269138820490969977e+01,0.000000000000000000e+00
-8.465423930110785022e+01,1.000000000000000000e+00
-8.174390788621575155e+01,1.000000000000000000e+00
-6.508218837339242668e+01,0.000000000000000000e+00
-6.397423307645357937e+01,0.000000000000000000e+00
-6.228608068752483717e+01,0.000000000000000000e+00
-6.207633463259918472e+01,0.000000000000000000e+00
-7.925174646750858187e+01,1.000000000000000000e+00
-8.211831541928523848e+01,1.000000000000000000e+00
-6.348244625190061896e+01,0.000000000000000000e+00
-7.024991780765400051e+01,0.000000000000000000e+00
-6.770785048820793861e+01,0.000000000000000000e+00
-7.725582430399764178e+01,1.000000000000000000e+00
-6.967003881538524013e+01,0.000000000000000000e+00
-7.495506168220303778e+01,1.000000000000000000e+00
-6.462435932296280328e+01,0.000000000000000000e+00
-6.718885825509444487e+01,0.000000000000000000e+00
-6.384024800496692365e+01,0.000000000000000000e+00
-7.858686229683000590e+01,1.000000000000000000e+00
-6.185487326557495180e+01,0.000000000000000000e+00
-6.558082962397297422e+01,0.000000000000000000e+00
-8.016333188009635080e+01,1.000000000000000000e+00
-8.504776089012956675e+01,1.000000000000000000e+00
-6.342799845832080763e+01,0.000000000000000000e+00
-7.854451375487275300e+01,1.000000000000000000e+00
-6.597648295671081087e+01,0.000000000000000000e+00
-6.778342183537273513e+01,0.000000000000000000e+00
-7.550175233378243433e+01,1.000000000000000000e+00
-6.794733910509035013e+01,0.000000000000000000e+00
-6.397907218756459713e+01,0.000000000000000000e+00
-8.348514271841190748e+01,1.000000000000000000e+00
-6.388362076407415202e+01,0.000000000000000000e+00
-8.001792555082117531e+01,1.000000000000000000e+00
-7.514427377816505782e+01,1.000000000000000000e+00
-8.110035974977279238e+01,1.000000000000000000e+00
-7.940065786105476775e+01,1.000000000000000000e+00
-7.647067331301060733e+01,1.000000000000000000e+00
-6.321496489369135219e+01,0.000000000000000000e+00
-7.062093397458141908e+01,0.000000000000000000e+00
-7.637141405296456753e+01,1.000000000000000000e+00
-7.583431533058245577e+01,1.000000000000000000e+00
-6.226693555692960302e+01,0.000000000000000000e+00
-6.840715183647650122e+01,0.000000000000000000e+00
-6.524824820492128197e+01,0.000000000000000000e+00
-7.071109887025295393e+01,0.000000000000000000e+00
-6.916004081437122863e+01,0.000000000000000000e+00
-6.323135839507147438e+01,0.000000000000000000e+00
-6.533669335831167757e+01,0.000000000000000000e+00
-7.775826224633573247e+01,1.000000000000000000e+00
-7.422493303342992021e+01,0.000000000000000000e+00
-6.787768733441139091e+01,0.000000000000000000e+00
-7.179635084587415861e+01,0.000000000000000000e+00
-7.504973309089584177e+01,1.000000000000000000e+00
-7.380168131287940980e+01,1.000000000000000000e+00
-6.266314253317850103e+01,0.000000000000000000e+00
-7.850953806393675904e+01,1.000000000000000000e+00
-8.260102043974485753e+01,1.000000000000000000e+00
-8.272727999152590428e+01,1.000000000000000000e+00
-8.865084500102554443e+01,1.000000000000000000e+00
-6.482708121483781838e+01,0.000000000000000000e+00
-6.726612545180323366e+01,0.000000000000000000e+00
-7.858184072294706368e+01,1.000000000000000000e+00
-6.865828579336138660e+01,0.000000000000000000e+00
-7.850995458483521361e+01,1.000000000000000000e+00
-8.499055763087102378e+01,1.000000000000000000e+00
-6.878485107837816770e+01,0.000000000000000000e+00
-6.437398906973061230e+01,0.000000000000000000e+00
-7.664813301287919955e+01,1.000000000000000000e+00
-6.431914044555331600e+01,0.000000000000000000e+00
-7.825848162054035129e+01,1.000000000000000000e+00
-6.499050090492269760e+01,0.000000000000000000e+00
-7.802353125470170880e+01,1.000000000000000000e+00
-6.528401313932866401e+01,0.000000000000000000e+00
-8.465088610362079180e+01,1.000000000000000000e+00
-6.972463289783144091e+01,0.000000000000000000e+00
-7.090932187061359571e+01,0.000000000000000000e+00
-6.300995331857347992e+01,0.000000000000000000e+00
-6.459315784648968872e+01,0.000000000000000000e+00
-6.379881055531762968e+01,0.000000000000000000e+00
-6.290068248772435311e+01,0.000000000000000000e+00
-7.007077577413298286e+01,0.000000000000000000e+00
-8.120506280834122492e+01,1.000000000000000000e+00
-7.373222335396859251e+01,1.000000000000000000e+00
-6.792781945223649132e+01,0.000000000000000000e+00
-6.722554186348925498e+01,0.000000000000000000e+00
-6.666005665560115290e+01,0.000000000000000000e+00
-7.862548978054961424e+01,1.000000000000000000e+00
-8.085569673098224541e+01,1.000000000000000000e+00
-6.660907931353133904e+01,0.000000000000000000e+00
-7.913336060460514432e+01,1.000000000000000000e+00
-8.135819633959832231e+01,1.000000000000000000e+00
-8.755800535975063781e+01,1.000000000000000000e+00
-6.068883526684979302e+01,0.000000000000000000e+00
-8.017821057241603455e+01,1.000000000000000000e+00
-6.517702701555184319e+01,0.000000000000000000e+00
-8.443374052069374613e+01,1.000000000000000000e+00
-6.715354382834033231e+01,0.000000000000000000e+00
-7.389830363118839784e+01,1.000000000000000000e+00
-7.990116815351757396e+01,1.000000000000000000e+00
-8.316127973608928414e+01,1.000000000000000000e+00
-6.661333494560038559e+01,0.000000000000000000e+00
-7.470319958578591013e+01,1.000000000000000000e+00
-6.094514408979690501e+01,0.000000000000000000e+00
-6.597404824695973957e+01,0.000000000000000000e+00
-8.074023273553859781e+01,1.000000000000000000e+00
-7.430776734219946889e+01,1.000000000000000000e+00
-7.956252303930409653e+01,1.000000000000000000e+00
-7.914857274318268310e+01,1.000000000000000000e+00
-7.559488775851502851e+01,1.000000000000000000e+00
-6.038361126523955136e+01,0.000000000000000000e+00
-6.128220795958021228e+01,0.000000000000000000e+00
-8.857223904678923532e+01,1.000000000000000000e+00
-6.742328714659470279e+01,0.000000000000000000e+00
-6.411578374714038375e+01,0.000000000000000000e+00
-8.452244968847514883e+01,1.000000000000000000e+00
-8.184106863089419903e+01,1.000000000000000000e+00
-8.471872793620471498e+01,1.000000000000000000e+00
-8.378008360620438566e+01,1.000000000000000000e+00
-7.600661739201240152e+01,1.000000000000000000e+00
-6.923604929079705528e+01,0.000000000000000000e+00
-7.436099393752333242e+01,1.000000000000000000e+00
-6.674159056886094277e+01,0.000000000000000000e+00
-6.925142375417968310e+01,0.000000000000000000e+00
-8.410987033823784031e+01,1.000000000000000000e+00
-6.386315252854532787e+01,0.000000000000000000e+00
-6.248460632999888276e+01,0.000000000000000000e+00
-8.271749123366072354e+01,1.000000000000000000e+00
-6.618727461825224623e+01,0.000000000000000000e+00
-6.971063487490847876e+01,0.000000000000000000e+00
-8.551880242710051050e+01,1.000000000000000000e+00
-6.709719340133786147e+01,0.000000000000000000e+00
-8.770723378201385856e+01,1.000000000000000000e+00
-8.233289987724791104e+01,1.000000000000000000e+00
-6.184849730476228302e+01,0.000000000000000000e+00
-8.225804616755900156e+01,1.000000000000000000e+00
-8.740308569924340532e+01,1.000000000000000000e+00
-8.852212708826300513e+01,1.000000000000000000e+00
-6.733723878629949411e+01,0.000000000000000000e+00
-7.863342161110662687e+01,1.000000000000000000e+00
-7.919506892930372999e+01,1.000000000000000000e+00
-8.196898909974238734e+01,1.000000000000000000e+00
-7.075002967534248910e+01,0.000000000000000000e+00
-8.511005189241934943e+01,1.000000000000000000e+00
-6.327754007103252576e+01,0.000000000000000000e+00
-7.189351261393770187e+01,0.000000000000000000e+00
-6.523140620994952599e+01,0.000000000000000000e+00
-8.381614832035019447e+01,1.000000000000000000e+00
-7.861249290751578656e+01,1.000000000000000000e+00
-8.404401628827640991e+01,1.000000000000000000e+00
-8.148500636043661416e+01,1.000000000000000000e+00
-7.683583410865841756e+01,1.000000000000000000e+00
-6.317903202883316283e+01,0.000000000000000000e+00
-5.999279789185828804e+01,0.000000000000000000e+00
-7.987475887975317335e+01,1.000000000000000000e+00
-8.221893269822194839e+01,1.000000000000000000e+00
-6.474463086725479855e+01,0.000000000000000000e+00
-6.706111102574139693e+01,0.000000000000000000e+00
-8.422483787177284853e+01,1.000000000000000000e+00
-8.045554680504743317e+01,1.000000000000000000e+00
-6.639456199968290662e+01,0.000000000000000000e+00
-6.328616952392215467e+01,0.000000000000000000e+00
-7.603238898278793556e+01,1.000000000000000000e+00
-8.178094871945242517e+01,1.000000000000000000e+00
-6.308470489995566055e+01,0.000000000000000000e+00
-6.079208202435340525e+01,0.000000000000000000e+00
-6.980354376004422079e+01,0.000000000000000000e+00
-7.324174334542286147e+01,1.000000000000000000e+00
-7.879415661040833641e+01,1.000000000000000000e+00
-8.374277054855008373e+01,1.000000000000000000e+00
-8.145063514956153483e+01,1.000000000000000000e+00
-8.376121715103244014e+01,1.000000000000000000e+00
-7.815207422001891757e+01,1.000000000000000000e+00
-8.100209947485619466e+01,1.000000000000000000e+00
-7.220642539996617870e+01,0.000000000000000000e+00
-8.226556087999630051e+01,1.000000000000000000e+00
-6.948459237141554468e+01,0.000000000000000000e+00
-6.523043600357327421e+01,0.000000000000000000e+00
-6.156712517393411588e+01,0.000000000000000000e+00
-7.891577406334968714e+01,1.000000000000000000e+00
-7.064425399381006798e+01,0.000000000000000000e+00
-7.790981435514981968e+01,1.000000000000000000e+00
-6.111078382779253815e+01,0.000000000000000000e+00
-7.048210973737178620e+01,0.000000000000000000e+00
-6.385155076640509719e+01,0.000000000000000000e+00
-7.849754574888058301e+01,1.000000000000000000e+00
-8.696946264727769460e+01,1.000000000000000000e+00
-6.564420531373555434e+01,0.000000000000000000e+00
-6.689531837065807451e+01,0.000000000000000000e+00
-8.027643310465892057e+01,1.000000000000000000e+00
-7.857204077905109330e+01,1.000000000000000000e+00
-8.025302151431930042e+01,1.000000000000000000e+00
-8.343241629458914588e+01,1.000000000000000000e+00
-8.410645757599176875e+01,1.000000000000000000e+00
-6.450162826447621001e+01,0.000000000000000000e+00
-8.632998597317224210e+01,1.000000000000000000e+00
-8.458313481726344207e+01,1.000000000000000000e+00
-8.757311006284454891e+01,1.000000000000000000e+00
-6.823112465870160293e+01,0.000000000000000000e+00
-6.728321092090823186e+01,0.000000000000000000e+00
-6.228642211330756595e+01,0.000000000000000000e+00
-6.374531681692759832e+01,0.000000000000000000e+00
-6.291636463202017637e+01,0.000000000000000000e+00
-7.233933504837860085e+01,0.000000000000000000e+00
-8.209997470698061761e+01,1.000000000000000000e+00
-6.152166266837440389e+01,0.000000000000000000e+00
-8.158545665231891064e+01,1.000000000000000000e+00
-6.873858817396182985e+01,0.000000000000000000e+00
-6.821450295052871127e+01,0.000000000000000000e+00
-8.397938542552283536e+01,1.000000000000000000e+00
-6.714159945975679022e+01,0.000000000000000000e+00
-8.571892630787600353e+01,1.000000000000000000e+00
-6.697649447552132074e+01,0.000000000000000000e+00
-8.585918038957424869e+01,1.000000000000000000e+00
-6.559150692282513262e+01,0.000000000000000000e+00
-7.895807736366920437e+01,1.000000000000000000e+00
-6.199722103171917098e+01,0.000000000000000000e+00
-7.832538626400737769e+01,1.000000000000000000e+00
-6.613200867638516911e+01,0.000000000000000000e+00
-6.594044454033938507e+01,0.000000000000000000e+00
-6.666216802463669922e+01,0.000000000000000000e+00
-6.159902950398544874e+01,0.000000000000000000e+00
-6.355176238176145631e+01,0.000000000000000000e+00
-6.155531475896222560e+01,0.000000000000000000e+00
-6.526917045219579450e+01,0.000000000000000000e+00
-6.507280228675223555e+01,0.000000000000000000e+00
-6.922168036029307814e+01,0.000000000000000000e+00
-8.822470526827044068e+01,1.000000000000000000e+00
-6.815157946262083044e+01,0.000000000000000000e+00
-6.636175998156976164e+01,0.000000000000000000e+00
-7.751563136578917579e+01,1.000000000000000000e+00
-8.460782625050880768e+01,1.000000000000000000e+00
-6.269996184924998062e+01,0.000000000000000000e+00
-7.855075573423059154e+01,1.000000000000000000e+00
-8.144172823693776309e+01,1.000000000000000000e+00
-8.362634659841823748e+01,1.000000000000000000e+00
-6.663236997208638002e+01,0.000000000000000000e+00
-6.340381735227948923e+01,0.000000000000000000e+00
-8.186605106509053087e+01,1.000000000000000000e+00
-7.944804149251524450e+01,1.000000000000000000e+00
-7.978741163851596241e+01,1.000000000000000000e+00
-6.633344850088742817e+01,0.000000000000000000e+00
-6.279658008616526388e+01,0.000000000000000000e+00
-6.914507462508989022e+01,0.000000000000000000e+00
-6.904164306573744625e+01,0.000000000000000000e+00
-6.389201212025804466e+01,0.000000000000000000e+00
-8.331571517038047148e+01,1.000000000000000000e+00
-6.737593231053091358e+01,0.000000000000000000e+00
-8.216393103514525365e+01,1.000000000000000000e+00
-8.215471492590525315e+01,1.000000000000000000e+00
-7.946117831644824037e+01,1.000000000000000000e+00
-8.124134582821641004e+01,1.000000000000000000e+00
-8.372428267745840458e+01,1.000000000000000000e+00
-5.995585961539880770e+01,0.000000000000000000e+00
-6.811680189381104356e+01,0.000000000000000000e+00
-8.447948978326573410e+01,1.000000000000000000e+00
-8.656851564214393591e+01,1.000000000000000000e+00
-7.898358275343787227e+01,1.000000000000000000e+00
-8.213063034350655300e+01,1.000000000000000000e+00
-7.926239382711789005e+01,1.000000000000000000e+00
-6.318748679238214550e+01,0.000000000000000000e+00
-7.462378530209312544e+01,1.000000000000000000e+00
-8.295135847012002728e+01,1.000000000000000000e+00
-7.283480633820029482e+01,0.000000000000000000e+00
-6.155208422472286856e+01,0.000000000000000000e+00
-6.976724330107550998e+01,0.000000000000000000e+00
-6.442365136227776645e+01,0.000000000000000000e+00
-6.681632712531248330e+01,0.000000000000000000e+00
-6.206445603642700348e+01,0.000000000000000000e+00
-8.174491677187941718e+01,1.000000000000000000e+00
-7.988572496044481852e+01,1.000000000000000000e+00
-7.978742708199536082e+01,1.000000000000000000e+00
-8.121220453996308208e+01,1.000000000000000000e+00
-6.670509193425846206e+01,0.000000000000000000e+00
-8.020102737540310045e+01,1.000000000000000000e+00
-9.344390807759185691e+01,1.000000000000000000e+00
-5.897608471547707154e+01,0.000000000000000000e+00
-6.565974155809695390e+01,0.000000000000000000e+00
-6.488344031366153786e+01,0.000000000000000000e+00
-6.328935908566140256e+01,0.000000000000000000e+00
-7.677771628694181061e+01,1.000000000000000000e+00
-6.203140814305991313e+01,0.000000000000000000e+00
-8.377843113850062196e+01,1.000000000000000000e+00
-8.015585057762788779e+01,1.000000000000000000e+00
-7.897284084665032822e+01,1.000000000000000000e+00
-6.761335926199501500e+01,0.000000000000000000e+00
-7.886319186050924657e+01,0.000000000000000000e+00
-7.014219165493587127e+01,0.000000000000000000e+00
-6.580356142112451323e+01,0.000000000000000000e+00
-7.906927504456918143e+01,1.000000000000000000e+00
-8.702518793868149771e+01,1.000000000000000000e+00
-6.128300019479000582e+01,0.000000000000000000e+00
-8.374668602673135354e+01,1.000000000000000000e+00
-7.557750979562041493e+01,1.000000000000000000e+00
-8.070048079339902358e+01,1.000000000000000000e+00
-7.901426959154161977e+01,1.000000000000000000e+00
-7.332962786701419589e+01,1.000000000000000000e+00
-8.480513813683850799e+01,1.000000000000000000e+00
-7.900900537540695723e+01,1.000000000000000000e+00
-6.755903446542717461e+01,0.000000000000000000e+00
-6.266054164923809822e+01,0.000000000000000000e+00
-6.747405329046758027e+01,0.000000000000000000e+00
-7.726996343266186784e+01,1.000000000000000000e+00
-6.716357374695411409e+01,0.000000000000000000e+00
-6.631760747416883817e+01,0.000000000000000000e+00
-6.789089481840414919e+01,0.000000000000000000e+00
-6.407252075660815649e+01,0.000000000000000000e+00
-7.493874698065272355e+01,1.000000000000000000e+00
-8.479556540027408573e+01,1.000000000000000000e+00
-5.727450465094123189e+01,0.000000000000000000e+00
-6.617489282465054146e+01,0.000000000000000000e+00
-8.573046782597214133e+01,1.000000000000000000e+00
-6.184537823838293491e+01,0.000000000000000000e+00
-6.208374740099836941e+01,0.000000000000000000e+00
-8.301470544315687050e+01,1.000000000000000000e+00
-6.596064133915315608e+01,0.000000000000000000e+00
-6.372205736255672548e+01,0.000000000000000000e+00
-8.237950221067303858e+01,1.000000000000000000e+00
-6.587700554192794300e+01,0.000000000000000000e+00
-7.945133143268331821e+01,1.000000000000000000e+00
-6.981378941140155803e+01,0.000000000000000000e+00
-6.247165094783970574e+01,0.000000000000000000e+00
-7.984067471364380708e+01,1.000000000000000000e+00
-8.114696466090143190e+01,0.000000000000000000e+00
-6.774743166864989519e+01,0.000000000000000000e+00
-6.148352880747667371e+01,0.000000000000000000e+00
-8.163414316875793020e+01,1.000000000000000000e+00
-6.398644013086141058e+01,0.000000000000000000e+00
-8.116184285387741681e+01,1.000000000000000000e+00
-6.413121257378793416e+01,0.000000000000000000e+00
-6.191904801352231402e+01,0.000000000000000000e+00
-7.952511348128655300e+01,1.000000000000000000e+00
-8.103809688229475228e+01,1.000000000000000000e+00
-6.342044096058461378e+01,0.000000000000000000e+00
-6.756412997364272144e+01,0.000000000000000000e+00
-6.336799931046090251e+01,0.000000000000000000e+00
-7.188044015482959992e+01,0.000000000000000000e+00
-6.545169941804577718e+01,0.000000000000000000e+00
-8.943612152978334962e+01,1.000000000000000000e+00
-8.582229737444602335e+01,1.000000000000000000e+00
-6.785207290082560405e+01,0.000000000000000000e+00
-6.414257589775530732e+01,0.000000000000000000e+00
-8.323515004420103480e+01,1.000000000000000000e+00
-6.587241260087074579e+01,0.000000000000000000e+00
-7.869652075378792233e+01,0.000000000000000000e+00
-6.042678085737628635e+01,0.000000000000000000e+00
-7.969533090641850492e+01,1.000000000000000000e+00
-6.794864649762440934e+01,0.000000000000000000e+00
-7.885510472186184927e+01,1.000000000000000000e+00
-7.231676076230672834e+01,0.000000000000000000e+00
-6.945183977464360225e+01,0.000000000000000000e+00
-7.691813571374537162e+01,1.000000000000000000e+00
-7.558968426698281462e+01,1.000000000000000000e+00
-5.963181719561979577e+01,0.000000000000000000e+00
-6.342341575107367646e+01,0.000000000000000000e+00
-8.542417069241095362e+01,1.000000000000000000e+00
-6.529911455552671384e+01,0.000000000000000000e+00
-6.647367990783766345e+01,0.000000000000000000e+00
-6.739219272082721091e+01,0.000000000000000000e+00
-7.008941201349534822e+01,0.000000000000000000e+00
-8.174097553506841507e+01,1.000000000000000000e+00
-6.383547377041045223e+01,0.000000000000000000e+00
-6.613502510929291134e+01,0.000000000000000000e+00
-8.200799783861158687e+01,1.000000000000000000e+00
-8.028932073459758101e+01,1.000000000000000000e+00
-7.880681551007597818e+01,1.000000000000000000e+00
-8.432072413523030718e+01,1.000000000000000000e+00
-8.469620021902771612e+01,1.000000000000000000e+00
-7.018513690614356904e+01,0.000000000000000000e+00
-6.350358507954710063e+01,0.000000000000000000e+00
-6.174829837915967090e+01,0.000000000000000000e+00
-8.121049376548923249e+01,1.000000000000000000e+00
-6.545354690576105838e+01,0.000000000000000000e+00
-8.226406056313294357e+01,1.000000000000000000e+00
-8.358803741577290225e+01,1.000000000000000000e+00
-6.003088925196830417e+01,0.000000000000000000e+00
-8.224974767538716947e+01,1.000000000000000000e+00
-8.117528718556098966e+01,1.000000000000000000e+00
-8.211267127512023478e+01,1.000000000000000000e+00
-8.070762891988020726e+01,1.000000000000000000e+00
-6.673994534652319999e+01,0.000000000000000000e+00
-8.565910781257942119e+01,1.000000000000000000e+00
-6.719549509740470228e+01,0.000000000000000000e+00
-7.801927379130349038e+01,1.000000000000000000e+00
-8.266351777869401474e+01,1.000000000000000000e+00
-6.758142338798187154e+01,0.000000000000000000e+00
-6.452198579309514059e+01,0.000000000000000000e+00
-8.123969496683412217e+01,1.000000000000000000e+00
-6.175091981677587682e+01,0.000000000000000000e+00
-7.890076717952295837e+01,1.000000000000000000e+00
-7.996579360625203492e+01,1.000000000000000000e+00
-6.684779299951858889e+01,0.000000000000000000e+00
-7.972641475843218473e+01,1.000000000000000000e+00
-7.869965021320577137e+01,1.000000000000000000e+00
-6.491119487741960370e+01,0.000000000000000000e+00
-8.607006082014481763e+01,1.000000000000000000e+00
-7.789494152794914328e+01,1.000000000000000000e+00
-6.721585926504856445e+01,0.000000000000000000e+00
-6.902935135114041998e+01,0.000000000000000000e+00
-8.300448621502006574e+01,1.000000000000000000e+00
-6.546077288591618526e+01,0.000000000000000000e+00
-7.248948292454019793e+01,0.000000000000000000e+00
-7.798199319531570950e+01,1.000000000000000000e+00
-6.649071642986083930e+01,0.000000000000000000e+00
-8.438146203358438413e+01,1.000000000000000000e+00
-6.941625447163714568e+01,0.000000000000000000e+00
-7.562571059465489043e+01,1.000000000000000000e+00
-8.147370497950578283e+01,1.000000000000000000e+00
-7.578403371057099491e+01,1.000000000000000000e+00
-6.449239291817454500e+01,0.000000000000000000e+00
-6.491209734877620008e+01,0.000000000000000000e+00
-8.655106892651323847e+01,1.000000000000000000e+00
-7.715065366544176584e+01,1.000000000000000000e+00
-8.897292802887122320e+01,1.000000000000000000e+00
-8.400848940932134212e+01,1.000000000000000000e+00
-7.781345585462645431e+01,1.000000000000000000e+00
-8.449721937723222709e+01,1.000000000000000000e+00
-6.914798319125770831e+01,0.000000000000000000e+00
-6.516684376631650366e+01,0.000000000000000000e+00
-7.981630058177765363e+01,1.000000000000000000e+00
-8.240115405305017759e+01,1.000000000000000000e+00
-6.589786840698836556e+01,0.000000000000000000e+00
-6.834353895784759914e+01,0.000000000000000000e+00
-8.190901352078863340e+01,1.000000000000000000e+00
-6.999546746408091735e+01,0.000000000000000000e+00
-6.699263832404902530e+01,0.000000000000000000e+00
-7.560843515278196492e+01,1.000000000000000000e+00
-8.071623762575889316e+01,1.000000000000000000e+00
-8.807299959710429960e+01,1.000000000000000000e+00
-6.690620032488517666e+01,0.000000000000000000e+00
-8.209306801396594722e+01,1.000000000000000000e+00
-6.671407978427100716e+01,0.000000000000000000e+00
-6.221483664992613427e+01,0.000000000000000000e+00
-8.123152842791502337e+01,1.000000000000000000e+00
-6.978696395724149681e+01,0.000000000000000000e+00
-7.941728813486787431e+01,1.000000000000000000e+00
-6.794391617111713799e+01,0.000000000000000000e+00
-8.078436647118027736e+01,1.000000000000000000e+00
-6.569368030548046988e+01,0.000000000000000000e+00
-6.515328692570228952e+01,0.000000000000000000e+00
-8.679578370217534200e+01,1.000000000000000000e+00
-6.414994397152747752e+01,0.000000000000000000e+00
-8.043852704776664098e+01,1.000000000000000000e+00
-8.632575943865141710e+01,1.000000000000000000e+00
-8.169072896316711763e+01,1.000000000000000000e+00
-6.537179180450682736e+01,0.000000000000000000e+00
-6.869345470112361340e+01,0.000000000000000000e+00
-6.529944976804060275e+01,0.000000000000000000e+00
-6.823159442939022767e+01,0.000000000000000000e+00
-6.856406347372954713e+01,0.000000000000000000e+00
-7.711031600962877519e+01,1.000000000000000000e+00
-8.457638697125733529e+01,1.000000000000000000e+00
-7.471953934995244140e+01,1.000000000000000000e+00
-8.287003648191260652e+01,1.000000000000000000e+00
-6.673764090582285746e+01,0.000000000000000000e+00
-8.580745959628113440e+01,1.000000000000000000e+00
-7.630972679935567271e+01,1.000000000000000000e+00
-8.071873643450403790e+01,1.000000000000000000e+00
-6.816048587970867345e+01,0.000000000000000000e+00
-7.611614989214193372e+01,1.000000000000000000e+00
-7.747029267725861246e+01,1.000000000000000000e+00
-7.079203622232262205e+01,0.000000000000000000e+00
-6.688546284092817018e+01,0.000000000000000000e+00
-8.512971077227666683e+01,1.000000000000000000e+00
-6.985432297920911537e+01,1.000000000000000000e+00
-8.492524269787315916e+01,1.000000000000000000e+00
-7.910872516069244398e+01,1.000000000000000000e+00
-8.279749611772022888e+01,1.000000000000000000e+00
-6.774829592469070860e+01,0.000000000000000000e+00
-8.244263727457082780e+01,1.000000000000000000e+00
-8.156483485184547533e+01,1.000000000000000000e+00
-6.848403706826348980e+01,0.000000000000000000e+00
-6.328505142205582956e+01,0.000000000000000000e+00
-6.912788965071371194e+01,0.000000000000000000e+00
-6.413545080246251473e+01,0.000000000000000000e+00
-8.004082990009059984e+01,1.000000000000000000e+00
-7.698295045715393314e+01,1.000000000000000000e+00
-6.704658527359413256e+01,0.000000000000000000e+00
-7.953894592342932413e+01,1.000000000000000000e+00
-7.939892719441255053e+01,1.000000000000000000e+00
-6.838298640579930066e+01,0.000000000000000000e+00
-6.184331757803427365e+01,0.000000000000000000e+00
-6.365747262339567669e+01,0.000000000000000000e+00
-6.658121805257381709e+01,0.000000000000000000e+00
-6.969552543184137505e+01,0.000000000000000000e+00
-6.430000246696178579e+01,0.000000000000000000e+00
-8.580928462413578472e+01,1.000000000000000000e+00
-6.589049150209822869e+01,0.000000000000000000e+00
-7.247101937087408885e+01,1.000000000000000000e+00
-6.896089666961434261e+01,0.000000000000000000e+00
-7.969885683032993029e+01,1.000000000000000000e+00
-6.856955762481676686e+01,0.000000000000000000e+00
-8.040035695600487031e+01,1.000000000000000000e+00
-7.858948082759985709e+01,1.000000000000000000e+00
-6.029752152717887270e+01,0.000000000000000000e+00
-6.488759536548980122e+01,0.000000000000000000e+00
-6.285979548525456551e+01,0.000000000000000000e+00
-6.846302426037074440e+01,0.000000000000000000e+00
-8.069800821832046722e+01,1.000000000000000000e+00
-5.979183945979981729e+01,0.000000000000000000e+00
-8.003075882216886328e+01,1.000000000000000000e+00
-6.680055452230604374e+01,0.000000000000000000e+00
-6.342565607987544496e+01,0.000000000000000000e+00
-7.613705887647536485e+01,1.000000000000000000e+00
-8.232729726375981727e+01,1.000000000000000000e+00
-6.146160867296699593e+01,0.000000000000000000e+00
-8.199150219713715160e+01,1.000000000000000000e+00
-6.810275190517101862e+01,0.000000000000000000e+00
-8.449822987455861778e+01,1.000000000000000000e+00
-7.697334599745934725e+01,1.000000000000000000e+00
-8.223593622978852125e+01,1.000000000000000000e+00
-7.979223343134947299e+01,1.000000000000000000e+00
-7.857244117519634585e+01,1.000000000000000000e+00
-6.610605853408391397e+01,0.000000000000000000e+00
-5.910316857680115277e+01,0.000000000000000000e+00
-7.004307731784595603e+01,0.000000000000000000e+00
-8.271944551620310904e+01,1.000000000000000000e+00
-8.263805689710531510e+01,1.000000000000000000e+00
-7.340274743738926588e+01,1.000000000000000000e+00
-7.816061585607666018e+01,1.000000000000000000e+00
-8.113995129904458281e+01,1.000000000000000000e+00
-6.788988570321011196e+01,0.000000000000000000e+00
-6.904609539644698657e+01,0.000000000000000000e+00
-6.780042076573772647e+01,0.000000000000000000e+00
-8.586280027740566823e+01,1.000000000000000000e+00
-8.161556388460826383e+01,1.000000000000000000e+00
-8.733762664345206872e+01,1.000000000000000000e+00
-7.397449514622991273e+01,0.000000000000000000e+00
-7.840349901941544886e+01,1.000000000000000000e+00
-8.063038635495733786e+01,1.000000000000000000e+00
-8.325399494311548665e+01,1.000000000000000000e+00
-6.708579111234965353e+01,0.000000000000000000e+00
-6.861301124677953567e+01,0.000000000000000000e+00
-8.083555395804899035e+01,1.000000000000000000e+00
-6.110490528068131511e+01,0.000000000000000000e+00
-6.568830897277763370e+01,0.000000000000000000e+00
-6.624659753938421147e+01,0.000000000000000000e+00
-8.805625041634932870e+01,1.000000000000000000e+00
-6.414381859863451041e+01,0.000000000000000000e+00
-8.506345700084020223e+01,1.000000000000000000e+00
-8.304515165910189012e+01,1.000000000000000000e+00
-8.510253903351384963e+01,1.000000000000000000e+00
-7.977427150083690321e+01,1.000000000000000000e+00
-8.578741387625478865e+01,1.000000000000000000e+00
-7.322747461411425718e+01,0.000000000000000000e+00
-6.057326307006923116e+01,0.000000000000000000e+00
-7.997142188596926360e+01,1.000000000000000000e+00
-7.759168541296274668e+01,1.000000000000000000e+00
-7.157147917213902133e+01,0.000000000000000000e+00
-8.514727796635591517e+01,1.000000000000000000e+00
-7.499482267531925572e+01,1.000000000000000000e+00
-6.310242635254422794e+01,0.000000000000000000e+00
-7.921196564887949876e+01,1.000000000000000000e+00
-7.994617186356910565e+01,1.000000000000000000e+00
-6.427994730478802410e+01,0.000000000000000000e+00
-6.699984685867681833e+01,0.000000000000000000e+00
-6.377471714926128499e+01,0.000000000000000000e+00
-7.696775116418649532e+01,1.000000000000000000e+00
-8.672869788359385268e+01,1.000000000000000000e+00
-8.223777797067749873e+01,1.000000000000000000e+00
-6.710418887791186648e+01,0.000000000000000000e+00
-7.568899283978912251e+01,1.000000000000000000e+00
-7.470996228812754225e+01,1.000000000000000000e+00
-8.297383190584257306e+01,1.000000000000000000e+00
-5.969314173388726630e+01,0.000000000000000000e+00
-7.593814817150915530e+01,1.000000000000000000e+00
-6.069233846336551608e+01,0.000000000000000000e+00
-6.637222413892544637e+01,0.000000000000000000e+00
-7.857061735871783981e+01,1.000000000000000000e+00
-6.834969613532248900e+01,0.000000000000000000e+00
-6.431508668025983866e+01,0.000000000000000000e+00
-8.256700439864751218e+01,1.000000000000000000e+00
-6.356715910482005683e+01,0.000000000000000000e+00
-6.721126554448555623e+01,0.000000000000000000e+00
-6.780795578008164171e+01,0.000000000000000000e+00
-6.536728266022035427e+01,0.000000000000000000e+00
-8.752965374036787694e+01,1.000000000000000000e+00
-6.930128075898872453e+01,0.000000000000000000e+00
-8.000504259487365744e+01,1.000000000000000000e+00
-6.971753302016973919e+01,0.000000000000000000e+00
-7.276624729796463953e+01,1.000000000000000000e+00
-7.871470523920037010e+01,1.000000000000000000e+00
-6.061919983594947325e+01,0.000000000000000000e+00
-6.190553021045630544e+01,0.000000000000000000e+00
-6.481772599256385092e+01,0.000000000000000000e+00
-6.407046361010348789e+01,0.000000000000000000e+00
-7.829413506324206651e+01,1.000000000000000000e+00
-8.048725448491050827e+01,1.000000000000000000e+00
-6.686410930635443606e+01,0.000000000000000000e+00
-8.318026382660359275e+01,1.000000000000000000e+00
-7.736255086980111173e+01,1.000000000000000000e+00
-6.717301909651153835e+01,0.000000000000000000e+00
-6.599148226315175236e+01,0.000000000000000000e+00
-7.549140370654964727e+01,1.000000000000000000e+00
-8.223539635822469052e+01,1.000000000000000000e+00
-6.805766886490788181e+01,0.000000000000000000e+00
-8.232749741780789066e+01,1.000000000000000000e+00
-5.957728831437946582e+01,0.000000000000000000e+00
-8.638773833371402588e+01,1.000000000000000000e+00
-7.055578053305613651e+01,0.000000000000000000e+00
-6.972893008274124327e+01,0.000000000000000000e+00
-8.419951230710188383e+01,1.000000000000000000e+00
-6.570724938853521735e+01,0.000000000000000000e+00
-7.586678507638544033e+01,1.000000000000000000e+00
-8.149836477186414641e+01,1.000000000000000000e+00
-6.507284491813291538e+01,0.000000000000000000e+00
-6.292147111994875530e+01,0.000000000000000000e+00
-8.016419803714957482e+01,1.000000000000000000e+00
-6.681369534099125929e+01,0.000000000000000000e+00
-8.048553816919317683e+01,1.000000000000000000e+00
-7.925632099654400520e+01,1.000000000000000000e+00
-6.609864695124625200e+01,0.000000000000000000e+00
-5.954464310728835841e+01,0.000000000000000000e+00
-6.540462624491993893e+01,0.000000000000000000e+00
-7.604902704794837121e+01,1.000000000000000000e+00
-6.087683997146174164e+01,0.000000000000000000e+00
-8.354833506014314537e+01,1.000000000000000000e+00
-6.263496271555973749e+01,0.000000000000000000e+00
-6.497814615416817219e+01,0.000000000000000000e+00
-7.059546771207776317e+01,0.000000000000000000e+00
-6.927979622448513908e+01,0.000000000000000000e+00
-7.648786152801429239e+01,1.000000000000000000e+00
-6.196900268059617645e+01,0.000000000000000000e+00
-6.445021208787946421e+01,0.000000000000000000e+00
-6.752486137863742499e+01,0.000000000000000000e+00
-6.413188180259345472e+01,0.000000000000000000e+00
-6.671781855850440479e+01,0.000000000000000000e+00
-8.285211866579631135e+01,1.000000000000000000e+00
-7.522849148394435304e+01,1.000000000000000000e+00
-6.434562729639188206e+01,0.000000000000000000e+00
-7.063076025140082947e+01,0.000000000000000000e+00
-6.803912291953496094e+01,0.000000000000000000e+00
-7.906807222005356550e+01,1.000000000000000000e+00
-6.371090714961981405e+01,0.000000000000000000e+00
-6.107214034415284942e+01,0.000000000000000000e+00
-7.867143502028390856e+01,1.000000000000000000e+00
-7.959324382870724435e+01,1.000000000000000000e+00
-6.407784781212158975e+01,0.000000000000000000e+00
-7.625449476225223577e+01,1.000000000000000000e+00
-7.825110802423593270e+01,1.000000000000000000e+00
-8.173560313978963165e+01,1.000000000000000000e+00
-6.777405882169639995e+01,0.000000000000000000e+00
-7.830543142291881509e+01,1.000000000000000000e+00
-6.247947426668950754e+01,0.000000000000000000e+00
-8.716115399053765600e+01,1.000000000000000000e+00
-8.344161615740250681e+01,1.000000000000000000e+00
-7.777681998301892463e+01,1.000000000000000000e+00
-5.795230400113491953e+01,0.000000000000000000e+00
-7.956423890593389103e+01,1.000000000000000000e+00
-6.497955904424641460e+01,0.000000000000000000e+00
-7.987496306630644938e+01,1.000000000000000000e+00
-7.659901122130253270e+01,1.000000000000000000e+00
-7.873345926228581959e+01,1.000000000000000000e+00
-6.678524054055704084e+01,0.000000000000000000e+00
-8.545301171366097037e+01,1.000000000000000000e+00
-8.449020030387502800e+01,1.000000000000000000e+00
-8.367372924236619269e+01,1.000000000000000000e+00
-8.247595239219754149e+01,1.000000000000000000e+00
-8.102830157583088067e+01,1.000000000000000000e+00
-7.900510617706235905e+01,1.000000000000000000e+00
-6.575329086379166199e+01,0.000000000000000000e+00
-7.077277326476212238e+01,0.000000000000000000e+00
-6.682620899787532665e+01,0.000000000000000000e+00
-5.846439265796724527e+01,0.000000000000000000e+00
-8.687322109975350770e+01,1.000000000000000000e+00
-6.841667498973446015e+01,0.000000000000000000e+00
-8.355238912684950492e+01,1.000000000000000000e+00
-6.200734169790348460e+01,0.000000000000000000e+00
-7.779559909859571576e+01,1.000000000000000000e+00
-8.627701561452514056e+01,1.000000000000000000e+00
-6.911616446487427368e+01,0.000000000000000000e+00
-6.489135662369089630e+01,0.000000000000000000e+00
-8.418118487322274746e+01,1.000000000000000000e+00
-7.949980372351694768e+01,1.000000000000000000e+00
-6.795048475747663019e+01,0.000000000000000000e+00
-8.563943098651509445e+01,1.000000000000000000e+00
-6.196985355720211430e+01,0.000000000000000000e+00
-6.839982528965180109e+01,0.000000000000000000e+00
-8.021031437838507827e+01,1.000000000000000000e+00
-8.538165698579190632e+01,1.000000000000000000e+00
-8.853501009576704917e+01,1.000000000000000000e+00
-8.006528509610072319e+01,1.000000000000000000e+00
-7.011480412859734201e+01,0.000000000000000000e+00
-6.050365127988450098e+01,0.000000000000000000e+00
-6.407344460991308210e+01,0.000000000000000000e+00
-6.385182568671827852e+01,0.000000000000000000e+00
-7.624812837386232900e+01,1.000000000000000000e+00
-6.705409165807873251e+01,0.000000000000000000e+00
-8.345609902582057771e+01,1.000000000000000000e+00
-5.904835912480257321e+01,0.000000000000000000e+00
-6.638196801754803289e+01,0.000000000000000000e+00
-6.787411821755775065e+01,0.000000000000000000e+00
-8.192420675001666552e+01,1.000000000000000000e+00
-7.532737258019434989e+01,1.000000000000000000e+00
-6.367125766402727294e+01,0.000000000000000000e+00
-8.401973801391243057e+01,1.000000000000000000e+00
-6.097448292899338185e+01,0.000000000000000000e+00
-8.200229420272194147e+01,1.000000000000000000e+00
-8.780757659802087289e+01,1.000000000000000000e+00
-8.289289951112763788e+01,1.000000000000000000e+00
-8.488420541440868305e+01,1.000000000000000000e+00
-8.106321288788133472e+01,1.000000000000000000e+00
-6.128296493333284900e+01,0.000000000000000000e+00
-7.746556765954237278e+01,1.000000000000000000e+00
-7.854762413670739818e+01,1.000000000000000000e+00
-6.426200607040318857e+01,0.000000000000000000e+00
-6.420673275216502418e+01,0.000000000000000000e+00
-7.506604103105330239e+01,1.000000000000000000e+00
-7.933783274641183425e+01,1.000000000000000000e+00
-8.500916415941772186e+01,1.000000000000000000e+00
-6.822531909024293384e+01,0.000000000000000000e+00
-8.098100581097445172e+01,1.000000000000000000e+00
-6.049058304165365740e+01,0.000000000000000000e+00
-7.201889021618056574e+01,0.000000000000000000e+00
-8.182093284848606629e+01,1.000000000000000000e+00
-7.776163550949776493e+01,1.000000000000000000e+00
-6.542229758066166312e+01,0.000000000000000000e+00
-7.635182083250768414e+01,1.000000000000000000e+00
-7.936213397687328097e+01,1.000000000000000000e+00
-6.422297051818129887e+01,0.000000000000000000e+00
-6.105765000151052391e+01,0.000000000000000000e+00
-6.751022892389750041e+01,0.000000000000000000e+00
-6.396977435182915883e+01,0.000000000000000000e+00
-6.072264018237741823e+01,0.000000000000000000e+00
-6.508956604646817823e+01,0.000000000000000000e+00
-6.759323060047816512e+01,0.000000000000000000e+00
-7.662414400858858698e+01,1.000000000000000000e+00
-8.756326888363378202e+01,1.000000000000000000e+00
-8.552432407674348269e+01,1.000000000000000000e+00
-8.105429127139437639e+01,1.000000000000000000e+00
-6.252241208603781786e+01,0.000000000000000000e+00
-6.869657125763211525e+01,0.000000000000000000e+00
-6.122051197799849831e+01,0.000000000000000000e+00
-6.957538082650718536e+01,0.000000000000000000e+00
-7.107325457913677269e+01,0.000000000000000000e+00
-8.165769166437537763e+01,1.000000000000000000e+00
-8.497819699564527696e+01,1.000000000000000000e+00
-7.759629331619601089e+01,1.000000000000000000e+00
-7.084148498344819700e+01,0.000000000000000000e+00
-8.463822882774731227e+01,1.000000000000000000e+00
-7.386612520691078032e+01,1.000000000000000000e+00
-8.453214713969363459e+01,1.000000000000000000e+00
-8.314473985010165791e+01,1.000000000000000000e+00
-6.972866885879994925e+01,0.000000000000000000e+00
-8.080665605129712503e+01,1.000000000000000000e+00
-7.864717621664273395e+01,1.000000000000000000e+00
-8.007469904963042495e+01,1.000000000000000000e+00
-6.659030530812363224e+01,0.000000000000000000e+00
-6.498703834141072377e+01,0.000000000000000000e+00
-6.487906606143856436e+01,0.000000000000000000e+00
-6.687258124184553765e+01,0.000000000000000000e+00
-6.631237331379108468e+01,0.000000000000000000e+00
-6.773225694895918991e+01,0.000000000000000000e+00
-7.780576616843143256e+01,1.000000000000000000e+00
-8.446179535262693605e+01,1.000000000000000000e+00
-6.621007030677859007e+01,0.000000000000000000e+00
-8.609644854381596701e+01,1.000000000000000000e+00
-6.397829308329710329e+01,0.000000000000000000e+00
-6.684419967750142177e+01,0.000000000000000000e+00
-7.584908091479768188e+01,1.000000000000000000e+00
-5.952366949387145922e+01,0.000000000000000000e+00
-7.962876803671569803e+01,1.000000000000000000e+00
-6.577087867846535119e+01,0.000000000000000000e+00
-8.365454688004284378e+01,1.000000000000000000e+00
-8.077966365606573618e+01,1.000000000000000000e+00
-7.974029850750787318e+01,1.000000000000000000e+00
-6.542327059431012515e+01,0.000000000000000000e+00
-6.742844326746485706e+01,0.000000000000000000e+00
-6.472395896414217020e+01,0.000000000000000000e+00
-6.613132825403639004e+01,0.000000000000000000e+00
-7.572127263042415279e+01,1.000000000000000000e+00
-6.937684160610101003e+01,0.000000000000000000e+00
-6.918671698139633008e+01,0.000000000000000000e+00
-7.947710856507303845e+01,1.000000000000000000e+00
-7.101054940289812123e+01,0.000000000000000000e+00
-7.121665552413584521e+01,0.000000000000000000e+00
-6.600055357622343877e+01,0.000000000000000000e+00
-8.154642836603760259e+01,1.000000000000000000e+00
-8.005999665135969678e+01,1.000000000000000000e+00
-8.507509219222004049e+01,1.000000000000000000e+00
-8.393179686582890042e+01,1.000000000000000000e+00
-8.495292103155956909e+01,1.000000000000000000e+00
-7.756126162329348972e+01,1.000000000000000000e+00
-8.006745520470754229e+01,1.000000000000000000e+00
-8.567238656069238800e+01,1.000000000000000000e+00
-7.785096449060068835e+01,1.000000000000000000e+00
-6.356013998150961442e+01,0.000000000000000000e+00
-6.166177125070736764e+01,0.000000000000000000e+00
-6.253843748260867130e+01,0.000000000000000000e+00
-7.007459166235624082e+01,0.000000000000000000e+00
-8.072517107327747965e+01,1.000000000000000000e+00
-6.983547502291568776e+01,0.000000000000000000e+00
-7.365677445651262190e+01,0.000000000000000000e+00
-6.973650101300276560e+01,0.000000000000000000e+00
-6.591378591952121724e+01,0.000000000000000000e+00
-8.318080955678448163e+01,1.000000000000000000e+00
-5.536340635391722031e+01,0.000000000000000000e+00
-8.065513680074408853e+01,1.000000000000000000e+00
-6.591075393435697549e+01,0.000000000000000000e+00
-6.968353609008619287e+01,0.000000000000000000e+00
-8.415049432137497831e+01,1.000000000000000000e+00
-6.719274859959976709e+01,0.000000000000000000e+00
-8.721408079898868948e+01,1.000000000000000000e+00
-8.124358802403747859e+01,1.000000000000000000e+00
-8.543329680999734421e+01,1.000000000000000000e+00
-8.239110420180450944e+01,1.000000000000000000e+00
-5.783928786563733837e+01,0.000000000000000000e+00
-6.286176353206921874e+01,0.000000000000000000e+00
-6.886805289928085472e+01,0.000000000000000000e+00
-6.147997063513783189e+01,0.000000000000000000e+00
-8.362644009731231165e+01,1.000000000000000000e+00
-6.510967956287831271e+01,0.000000000000000000e+00
-7.831607072725570617e+01,1.000000000000000000e+00
-6.099094266324898683e+01,0.000000000000000000e+00
-6.759993045239475862e+01,0.000000000000000000e+00
-6.725056696353804853e+01,0.000000000000000000e+00
-7.652473879357305009e+01,1.000000000000000000e+00
-6.445591672127852689e+01,0.000000000000000000e+00
-6.612189266064336834e+01,0.000000000000000000e+00
-8.124981633789451507e+01,1.000000000000000000e+00
-8.380204496960632810e+01,1.000000000000000000e+00
-6.380084747337512141e+01,0.000000000000000000e+00
-6.593593924548183338e+01,0.000000000000000000e+00
-8.114579895805594845e+01,1.000000000000000000e+00
-6.983601713033624492e+01,0.000000000000000000e+00
-8.120259707446518860e+01,1.000000000000000000e+00
-6.670206507853168887e+01,0.000000000000000000e+00
-8.489152749584643232e+01,1.000000000000000000e+00
-7.824536820599261944e+01,1.000000000000000000e+00
-7.918835227046395175e+01,1.000000000000000000e+00
-6.681811304011667119e+01,0.000000000000000000e+00
-7.356234767748823344e+01,1.000000000000000000e+00
-7.720407855711563627e+01,1.000000000000000000e+00
-6.792061615048416456e+01,0.000000000000000000e+00
-6.875282137602900434e+01,0.000000000000000000e+00
-8.160969754369016016e+01,1.000000000000000000e+00
-7.245199214048483327e+01,0.000000000000000000e+00
-8.120397745429262670e+01,1.000000000000000000e+00
-8.349635552336820865e+01,1.000000000000000000e+00
-6.132038047340501663e+01,0.000000000000000000e+00
-7.037519183145640511e+01,0.000000000000000000e+00
-6.880876074280121202e+01,0.000000000000000000e+00
-6.371074318758214616e+01,0.000000000000000000e+00
-7.108030933177087718e+01,0.000000000000000000e+00
-7.268814187203513200e+01,1.000000000000000000e+00
-8.259026213946046369e+01,1.000000000000000000e+00
-8.349731775118374344e+01,1.000000000000000000e+00
-7.916453511965708856e+01,1.000000000000000000e+00
-8.288571140474172694e+01,1.000000000000000000e+00
-6.560793082932971743e+01,0.000000000000000000e+00
-8.267905423871768278e+01,1.000000000000000000e+00
-8.580428116787838633e+01,1.000000000000000000e+00
-6.066073795652427947e+01,0.000000000000000000e+00
-7.993096537267308577e+01,1.000000000000000000e+00
-8.632153583621465032e+01,1.000000000000000000e+00
-6.190280323137631768e+01,0.000000000000000000e+00
-8.316847277538451522e+01,1.000000000000000000e+00
-7.778358664563513969e+01,1.000000000000000000e+00
-8.734622652882819693e+01,1.000000000000000000e+00
-6.775969354177222215e+01,0.000000000000000000e+00
-8.501937330373340274e+01,1.000000000000000000e+00
-7.815889590289934574e+01,1.000000000000000000e+00
-8.023955091197916545e+01,1.000000000000000000e+00
-7.044912165733110498e+01,0.000000000000000000e+00
-8.081898417406976876e+01,1.000000000000000000e+00
-7.751379968408579657e+01,1.000000000000000000e+00
-6.631721448612165659e+01,0.000000000000000000e+00
-7.609467678910955613e+01,1.000000000000000000e+00
-7.014190964258469307e+01,0.000000000000000000e+00
-8.503808410758314551e+01,1.000000000000000000e+00
-7.748796635045667358e+01,1.000000000000000000e+00
-8.540922333626828333e+01,1.000000000000000000e+00
-6.357270900990702245e+01,0.000000000000000000e+00
-7.298979734806816566e+01,1.000000000000000000e+00
-6.539932727024621784e+01,0.000000000000000000e+00
-7.340396027369504850e+01,1.000000000000000000e+00
-6.334096284764821405e+01,0.000000000000000000e+00
-8.327195713945096145e+01,1.000000000000000000e+00
-8.094100411562584441e+01,1.000000000000000000e+00
-5.920970327990802673e+01,0.000000000000000000e+00
-7.006129518330256190e+01,0.000000000000000000e+00
-8.236929476289671470e+01,1.000000000000000000e+00
-6.330988165827535141e+01,0.000000000000000000e+00
-7.572594248036750741e+01,1.000000000000000000e+00
-6.478036862193125955e+01,0.000000000000000000e+00
-8.250466986419495186e+01,1.000000000000000000e+00
-8.186486960314455530e+01,1.000000000000000000e+00
-6.699370791743061204e+01,0.000000000000000000e+00
-8.021883296509624017e+01,1.000000000000000000e+00
-7.502456520451258370e+01,1.000000000000000000e+00
-6.592067711408664366e+01,0.000000000000000000e+00
-5.544981016417763442e+01,0.000000000000000000e+00
-6.739472217571952228e+01,0.000000000000000000e+00
-7.008071869797495879e+01,0.000000000000000000e+00
-8.059961544879917028e+01,1.000000000000000000e+00
-6.360553817725914172e+01,0.000000000000000000e+00
-6.691362969154940288e+01,0.000000000000000000e+00
-6.667745446359907646e+01,0.000000000000000000e+00
-7.874876513599667760e+01,1.000000000000000000e+00
-9.011455834666516296e+01,1.000000000000000000e+00
-8.015077986369537655e+01,1.000000000000000000e+00
-6.947602646539723992e+01,0.000000000000000000e+00
-7.972926503286748812e+01,1.000000000000000000e+00
-8.080541661456184954e+01,1.000000000000000000e+00
-7.566849753578436832e+01,1.000000000000000000e+00
-6.516064244067054290e+01,0.000000000000000000e+00
-7.637352948144163634e+01,1.000000000000000000e+00
-7.014693984858031683e+01,0.000000000000000000e+00
-8.585285105698672226e+01,1.000000000000000000e+00
-5.743164125879978599e+01,0.000000000000000000e+00
-7.864039264549151653e+01,1.000000000000000000e+00
-6.172833468425663739e+01,0.000000000000000000e+00
-7.510969352823065037e+01,1.000000000000000000e+00
-8.649332086046499057e+01,1.000000000000000000e+00
-7.297313715754879127e+01,0.000000000000000000e+00
-7.761426670139609030e+01,1.000000000000000000e+00
-8.446573816917288013e+01,1.000000000000000000e+00
-6.777025237776210531e+01,0.000000000000000000e+00
-6.526226520600020820e+01,0.000000000000000000e+00
-7.637488198268533779e+01,1.000000000000000000e+00
-8.370761391084619163e+01,1.000000000000000000e+00
-8.326413996550073193e+01,1.000000000000000000e+00
-6.850329465171661525e+01,0.000000000000000000e+00
-6.701071945433002952e+01,0.000000000000000000e+00
-8.447199120252261650e+01,1.000000000000000000e+00
-8.454557533645601097e+01,1.000000000000000000e+00
-8.430245881150145237e+01,1.000000000000000000e+00
-7.945807407134627454e+01,1.000000000000000000e+00
-8.056471535096594039e+01,1.000000000000000000e+00
-6.405541307148038754e+01,0.000000000000000000e+00
-7.511088353227080461e+01,0.000000000000000000e+00
-8.325261168864247452e+01,1.000000000000000000e+00
-6.570680693630933433e+01,0.000000000000000000e+00
-6.730087705567139267e+01,0.000000000000000000e+00
-6.514422468287847323e+01,0.000000000000000000e+00
-8.163536834814127019e+01,1.000000000000000000e+00
-6.289452359102090639e+01,0.000000000000000000e+00
-6.489689981546314357e+01,0.000000000000000000e+00
-7.415230215176478623e+01,1.000000000000000000e+00
-8.164528544736586468e+01,1.000000000000000000e+00
-7.544202276474345581e+01,0.000000000000000000e+00
-6.574578386140635189e+01,0.000000000000000000e+00
-6.471563036781191158e+01,0.000000000000000000e+00
-7.934761678492786530e+01,1.000000000000000000e+00
-6.931521517805735755e+01,0.000000000000000000e+00
-7.253046612733344034e+01,0.000000000000000000e+00
-6.276391560876670184e+01,0.000000000000000000e+00
-6.569064150687681547e+01,0.000000000000000000e+00
-7.879126241054288471e+01,1.000000000000000000e+00
-6.908031671267583818e+01,0.000000000000000000e+00
-7.982625978898171581e+01,1.000000000000000000e+00
-8.119509464157100354e+01,1.000000000000000000e+00
-8.581680385090076868e+01,1.000000000000000000e+00
-7.291320710540968264e+01,0.000000000000000000e+00
-8.523730761563393798e+01,1.000000000000000000e+00
-7.928328143758382396e+01,1.000000000000000000e+00
-6.849168720772439656e+01,0.000000000000000000e+00
-6.965637345492913823e+01,0.000000000000000000e+00
-8.421812577563331104e+01,1.000000000000000000e+00
-6.372535169353652407e+01,0.000000000000000000e+00
-7.966304534018581762e+01,1.000000000000000000e+00
-5.998577282610115446e+01,0.000000000000000000e+00
-6.492918779409691865e+01,0.000000000000000000e+00
-6.462565603114572355e+01,0.000000000000000000e+00
-7.653921040873019876e+01,1.000000000000000000e+00
-6.912701931502552100e+01,0.000000000000000000e+00
-6.954015573194821798e+01,0.000000000000000000e+00
-8.212038102237298176e+01,1.000000000000000000e+00
-6.106866709418926575e+01,0.000000000000000000e+00
-8.295315140397676146e+01,1.000000000000000000e+00
-6.674768765320050079e+01,0.000000000000000000e+00
-7.898742794403355560e+01,1.000000000000000000e+00
-8.067191219666726454e+01,1.000000000000000000e+00
-6.315893281098189505e+01,0.000000000000000000e+00
-8.486196986428100786e+01,1.000000000000000000e+00
-6.819271810073728091e+01,0.000000000000000000e+00
-8.355920538313543489e+01,1.000000000000000000e+00
-8.653788719677967833e+01,1.000000000000000000e+00
-6.581566974463045483e+01,0.000000000000000000e+00
-6.411097242320754219e+01,0.000000000000000000e+00
-6.445255970455119154e+01,0.000000000000000000e+00
-6.505062402366444019e+01,0.000000000000000000e+00
-8.538740344402148708e+01,1.000000000000000000e+00
-7.171773361992342188e+01,0.000000000000000000e+00
-8.124102551434131669e+01,1.000000000000000000e+00
-7.656850332817900551e+01,1.000000000000000000e+00
-7.577908475975834790e+01,1.000000000000000000e+00
-6.873447703479681081e+01,0.000000000000000000e+00
-7.721426701500098488e+01,1.000000000000000000e+00
-8.196322442940697783e+01,1.000000000000000000e+00
-6.308264475528078918e+01,0.000000000000000000e+00
-6.573168978084764547e+01,0.000000000000000000e+00
-8.406901825010416474e+01,1.000000000000000000e+00
-8.029691592461909977e+01,1.000000000000000000e+00
-6.425212179375850496e+01,0.000000000000000000e+00
-6.562320302137879935e+01,0.000000000000000000e+00
-6.961079261259543216e+01,0.000000000000000000e+00
-8.047987802656440692e+01,1.000000000000000000e+00
-5.519935720595398720e+01,0.000000000000000000e+00
-8.221314701851716222e+01,1.000000000000000000e+00
-6.586802066053344618e+01,0.000000000000000000e+00
-6.777118449539727862e+01,0.000000000000000000e+00
-8.377804393206379530e+01,1.000000000000000000e+00
-8.663351409667880887e+01,1.000000000000000000e+00
-8.597967270652941352e+01,1.000000000000000000e+00
-6.485861179716485481e+01,0.000000000000000000e+00
-6.502616559836097565e+01,0.000000000000000000e+00
