sample,mean0_minus_mean1
0,138.574
1,194.624
2,118.934
3,-18.4607
4,2.9101
5,83.1498
6,7.7813
7,29.0948
8,-129.682
9,62.4797
10,-42.4322
11,54.2509
12,1.69159
13,62.3069
14,-45.0209
15,17.1693
16,19.7449
17,1.55701
18,-33.3086
19,-35.2001
20,41.7851
21,99.2357
22,8.09476
23,-188.25
24,-0.705811
25,74.0026
26,38.0832
27,-33.2095
28,-25.352
29,92.9721
30,-24.7875
31,-283.748
32,-1194.68
33,-1099.67
34,-195.057
35,140.245
36,-86.7628
37,-411.814
38,-491.511
39,-434.659
40,-607.651
41,-455.994
42,-345.282
43,-269.266
44,-202.021
45,-352.022
46,-336.692
47,-1442.71
48,-2107.47
49,-1542.83
50,-217.015
51,5.46747
52,-470.28
53,-1114.37
54,-979.691
55,-924.538
56,-952.738
57,-844.905
58,-707.701
59,-565.482
60,-610.335
61,-707.384
62,-940.091
63,-3338.25
64,-3587.93
65,-1492.32
66,-297.613
67,-465.13
68,-1425.86
69,-1768.53
70,-1612.21
71,-1796.3
72,-1719.2
73,-1345.72
74,-1090.09
75,-1071.94
76,-1186
77,-1223.45
78,-2160.5
79,-3037.04
80,-2666.42
81,-1301.04
82,-766.481
83,-1053.68
84,-1746.63
85,-1847.27
86,-1706.81
87,-1702.78
88,-1647.29
89,-1316.73
90,-1183.45
91,-1171.19
92,-1309.2
93,-1250.18
94,-2522.92
95,-2883.05
96,-1936.88
97,-1066.85
98,-847.826
99,-1325.18
100,-1676.73
101,-1660.58
102,-1543.17
103,-1604.67
104,-1412.57
105,-1199.79
106,-1049.7
107,-1206.79
108,-1249.14
109,-1270.82
110,-2092.84
111,-1980.15
112,-1317.39
113,-949.435
114,-851.452
115,-1203.35
116,-1383.44
117,-1304.47
118,-1202.77
119,-1173.33
120,-1127.81
121,-903.79
122,-852.177
123,-961.258
124,-1003.26
125,-1010.77
126,-1196.22
127,-1067.55
128,-864.396
129,-750.021
130,-696.94
131,-752.039
132,-800.285
133,-925.001
134,-805.469
135,-698.017
136,-601.765
137,-591.315
138,-664.795
139,-629.247
140,-472.172
141,-836.176
142,-930.233
143,-607.296
144,-444.996
145,-414.063
146,-487.798
147,-497.798
148,-628.99
149,-592.428
150,-414.558
151,-493.542
152,-438.026
153,-344.122
154,-275.655
155,-401.039
156,-455.164
157,-766.742
158,-721.081
159,-435.989
160,-237.719
161,-241.181
162,-382.64
163,-444.138
164,-411.551
165,-461.66
166,-358.033
167,-267.485
168,-307.986
169,-272.2
170,-263.965
171,-188.309
172,-530.396
173,-606.277
174,-610.389
175,-206.665
176,-41.6403
177,-201.045
178,-384.578
179,-307.532
180,-282.4
181,-236.806
182,-249.066
183,-266.837
184,-154.931
185,-125.809
186,-108.737
187,-250.676
188,-572.878
189,-584.374
190,-292.852
191,-24.8351
192,-84.3477
193,-299.098
194,-277.142
195,-114.352
196,-276.25
197,-217.429
198,-152.149
199,-121.313
200,-168.899
201,-145.29
202,-31.1763
203,-317.147
204,-457.974
205,-473.413
206,-118.164
207,25.7277
208,-71.2882
209,-283.218
210,-174.067
211,-96.7837
212,-148.161
213,-272.956
214,-137.439
215,-7.19519
216,-24.2616
217,-85.3967
218,-66.6516
219,-398.312
220,-434.671
221,-198.434
222,-18.1947
223,20.2181
224,-131.114
225,-86.9609
226,-150.218
227,-101.113
228,-167.461
229,-16.0488
230,8.71643
231,-36.0386
232,-40.5273
233,-3.23999
234,-73.9451
235,-423.611
236,-270.445
237,-74.0272
238,37.0196
239,32.9676
240,-69.7373
241,-133.411
242,-121.949
243,-30.2654
244,-147.954
245,-48.7773
246,101.756
247,67.0188
248,-21.5107
249,-6.95862
250,-166.82
251,-353.374
252,-197.686
253,48.454
254,125.876
255,57.7723
256,-61.5637
257,-94.0376
258,-97.4209
259,-89.1323
260,-23.993
261,59.0131
262,95.2374
263,-60.7061
264,6.54297
265,206.274
266,-238.828
267,-472.083
268,-157.842
269,204.756
270,181.406
271,20.9186
272,-71.5139
273,-56.7451
274,-102.679
275,-7.64844
276,3.09515
277,123.476
278,59.1868
279,190.248
280,46.1092
281,-22.4399
282,-351.306
283,-292.265
284,91.3342
285,147.425
286,152.556
287,32.8138
288,-37.0162
289,-43.197
290,20.5642
291,82.7942
292,76.148
293,42.5432
294,87.1623
295,123.652
296,165.701
297,-180.681
298,-361.369
299,-239.573
300,186.276
301,270.558
302,57.9384
303,-16.1378
304,37.442
305,49.085
306,-39.1521
307,48.5646
308,123.777
309,183.088
310,184.888
311,81.8532
312,41.8322
313,-237.318
314,-296.482
315,-16.9888
316,268.816
317,240.915
318,61.4446
319,-127.973
320,116.167
321,83.7048
322,56.0302
323,93.423
324,78.936
325,148.292
326,160.43
327,206.502
328,-120.011
329,-180.542
330,-199.945
331,140.196
332,246.861
333,216.364
334,-2.56122
335,32.048
336,142.927
337,4.67261
338,18.361
339,167.934
340,213.699
341,184.152
342,156.801
343,149.655
344,-167.197
345,-302.884
346,13.3396
347,250.206
348,250.026
349,77.7848
350,46.993
351,134.049
352,112.605
353,18.3094
354,162.203
355,257.915
356,117.932
357,144.944
358,256.491
359,180.678
360,-349.922
361,-220.448
362,213.102
363,257.016
364,198.906
365,92.9947
366,106.23
367,60.5515
368,70.9929
369,16.1109
370,231.894
371,320.901
372,246.483
373,129.27
374,146.095
375,9.26001
376,-237.161
377,-21.0963
378,196.326
379,312.464
380,237.546
381,142.031
382,31.8651
383,81.938
384,182.423
385,132.446
386,122.914
387,211.392
388,256.85
389,230.98
390,260.721
391,-241.673
392,-262.891
393,87.7648
394,318.631
395,293.333
396,231.953
397,116.016
398,74.9839
399,14.7925
400,86.2508
401,223.234
402,348.954
403,279.358
404,196.889
405,175.765
406,200.575
407,-188.979
408,-285.628
409,233.393
410,393.578
411,327.523
412,60.6442
413,89.659
414,194.16
415,145.248
416,187.22
417,181.514
418,229.193
419,231.264
420,319.499
421,308.122
422,-114.954
423,-307.88
424,-55.2522
425,363.375
426,413.271
427,225.761
428,103.755
429,218.829
430,26.2708
431,106.786
432,226.838
433,260.475
434,235.641
435,311.45
436,259.152
437,236.546
438,-140.725
439,-152.072
440,103.8
441,380.592
442,413.737
443,153.346
444,76.275
445,230.429
446,272.189
447,172.956
448,182.898
449,165.891
450,308.489
451,344.537
452,365.209
453,-98.5853
454,-246.077
455,-73.6316
456,333.424
457,382.831
458,252.994
459,134.137
460,180.867
461,211.45
462,30.8255
463,177.37
464,332.615
465,342.625
466,262.941
467,219.717
468,302.369
469,-42.6436
470,-188.055
471,23.8039
472,369.525
473,424.827
474,177.281
475,30.045
476,280.043
477,284.874
478,136.783
479,133.807
480,285.576
481,363.401
482,278.532
483,330.211
484,141.006
485,-287.02
486,-105.366
487,274.887
488,299.733
489,346.411
490,224.987
491,252.057
492,82.3272
493,60.3976
494,200.813
495,382.003
496,393.329
497,210.511
498,256.165
499,334.324
500,88.3736
501,-238.008
502,68.2487
503,336.646
504,458.084
505,249.241
506,227.16
507,198.13
508,99.9248
509,173.198
510,254.448
511,294.393
512,292.603
513,336.328
514,323.485
515,364.26
516,-262.007
517,-183.815
518,218.141
519,408.711
520,380.591
521,293.816
522,231.555
523,63.7924
524,113.245
525,237.43
526,313.367
527,380.375
528,354.46
529,322.186
530,301.464
531,193.424
532,-201.99
533,-185.553
534,293.873
535,448.748
536,377.092
537,218.031
538,164.712
539,219.375
540,179.487
541,301.334
542,214.566
543,309.298
544,402.469
545,408.755
546,266.997
547,-208.611
548,-187.566
549,29.0571
550,347.99
551,432.873
552,380.484
553,163.206
554,184.128
555,109.802
556,214.092
557,254.963
558,305.181
559,278.421
560,281.018
561,349.135
562,219.721
563,-2912.79
564,-3393.93
565,-1068.58
566,706.63
567,583.867
568,-727.888
569,-1268.46
570,-1066.09
571,-1114.18
572,-1163.65
573,-859.32
574,-466.734
575,-278.574
576,-494.258
577,-668.326
578,-6461.09
579,-11369.8
580,-8173.41
581,-1095.3
582,752.441
583,-1649.1
584,-4725.08
585,-5062.76
586,-4818.67
587,-4963.8
588,-4445.13
589,-2955.98
590,-2409.45
591,-2882.15
592,-3327.29
593,-3721.37
594,-15697.7
595,-18175.1
596,-9316.78
597,-1746.25
598,-1502.17
599,-6074.85
600,-8896.99
601,-8556.33
602,-8388.53
603,-8432.25
604,-7083.66
605,-5261.26
606,-4935.76
607,-5792.49
608,-6058.05
609,-5173.58
610,-5377.53
611,-5671.84
612,-5277.36
613,-4578.75
614,-4175.16
615,-4280.86
616,-4306.24
617,-4035.95
618,-3953.46
619,-3891.35
620,-3568.97
621,-3212.39
622,-3189.2
623,-3161.92
624,-2989.06
625,-2382.85
626,-3115.18
627,-3427.99
628,-2679.29
629,-2258.13
630,-2138.28
631,-2312.18
632,-2294.17
633,-2180.39
634,-2106.59
635,-2096.08
636,-1809.46
637,-1629.67
638,-1527.63
639,-1535.19
640,-1272.83
641,-282.822
642,-178.715
643,-995.784
644,-1314.67
645,-1052.26
646,-442.536
647,-325.258
648,-526.115
649,-330.643
650,-155.528
651,-291.401
652,-414.542
653,-263.045
654,-63.9326
655,-71.6436
656,554.768
657,78.4199
658,-291.705
659,-107.627
660,128.547
661,258.497
662,275.485
663,212.597
664,349.564
665,229.619
666,322.112
667,340.73
668,359.979
669,421.126
670,493.907
671,535.898
672,1493.58
673,690.523
674,303.082
675,354.889
676,604.627
677,1126.27
678,983.182
679,985.662
680,994.536
681,992.157
682,921.786
683,812.098
684,892.187
685,1030.27
686,1057.83
687,1466.57
688,851.494
689,296.021
690,492.613
691,937.904
692,1139.89
693,1097.78
694,956.065
695,998.38
696,896.982
697,934.384
698,912.783
699,910.493
700,1030.99
701,1146.74
702,1080.86
703,1788.61
704,1116.28
705,1194.93
706,860.559
707,939.135
708,1427.34
709,1515.25
710,1415.67
711,1449.37
712,1424.14
713,1370.06
714,1335.8
715,1316.44
716,1428.86
717,1463.75
718,1509.22
719,898.713
720,534.438
721,789.07
722,1302.87
723,1481.99
724,1323.41
725,1070.68
726,1069.6
727,1154.7
728,944.544
729,1083.17
730,1205.94
731,1286.03
732,1125.84
733,1128.38
734,1634.16
735,877.797
736,686.41
737,1006.66
738,1177.24
739,1349.5
740,1309.16
741,1171.12
742,1244.67
743,1266.58
744,1228.6
745,1191.9
746,1242.53
747,1334.99
748,1312.85
749,1207.04
750,1724.69
751,1408.28
752,1238.43
753,1149.14
754,1229.58
755,1512.35
756,1490.39
757,1400.38
758,1297.58
759,1364.21
760,1363.37
761,1368.63
762,1430.82
763,1376.92
764,1337.61
765,1639.15
766,1145.95
767,571.824
768,880.521
769,1310.29
770,1565.49
771,1495.3
772,1266.97
773,1113.2
774,1166.18
775,1277.92
776,1201.15
777,1295.6
778,1359.06
779,1366.5
780,1214.8
781,1601.46
782,247.082
783,-71.3398
784,828.454
785,1445.47
786,1427.75
787,1017.75
788,837.164
789,874.537
790,820.781
791,914.315
792,958.52
793,1040.72
794,1091.17
795,1041.79
796,1075.57
797,1852.89
798,1571.42
799,969.484
800,953.627
801,1182.22
802,1501.6
803,1407.03
804,1417.55
805,1433.57
806,1487.22
807,1382.51
808,1191.45
809,1347.58
810,1454.46
811,1488.09
812,1700.78
813,1567.03
814,1312.72
815,1113.16
816,1366.33
817,1501.52
818,1593.98
819,1503.88
820,1570.21
821,1491.62
822,1514.01
823,1415.96
824,1371.91
825,1409.65
826,1511.54
827,1562.96
828,1863.11
829,1221.64
830,701.855
831,1240.64
832,1611.68
833,1665.6
834,1279.56
835,1320.45
836,1466.78
837,1360.4
838,1185.11
839,1264.62
840,1445.93
841,1471.86
842,1376.48
843,1432.46
844,1437.98
845,1314.33
846,1087.68
847,1290.54
848,1493.32
849,1482.68
850,1485.83
851,1403.04
852,1409.33
853,1344.21
854,1390.29
855,1410.99
856,1344.04
857,1370.93
858,1454.07
859,2095
860,1607.56
861,1329.53
862,1136.89
863,1354.9
864,1590.21
865,1675.35
866,1563.97
867,1537.89
868,1601.71
869,1444.6
870,1408.27
871,1512.38
872,1590.55
873,1470.52
874,1402.6
875,2380.85
876,2480.83
877,1846.62
878,1395.66
879,1474.11
880,1773.73
881,1940.49
882,1838.91
883,1839.78
884,1877.88
885,1773.77
886,1685.49
887,1709.66
888,1637.9
889,1717.26
890,1930.12
891,2234.12
892,1906.16
893,1457.91
894,1613.12
895,1820.68
896,2001.78
897,1895
898,1738.87
899,1788.59
900,1898.41
901,1647.24
902,1709.23
903,1791.33
904,1870.04
905,1609.2
906,2031.59
907,2070.91
908,1773.69
909,1619.18
910,1588.68
911,1826.67
912,1831.94
913,1731.15
914,1715.82
915,1738.49
916,1783.36
917,1721.14
918,1639.85
919,1634.37
920,1720.6
921,1801.12
922,1154.74
923,434.174
924,654.185
925,1628.02
926,1860.64
927,1563.66
928,1163.02
929,1166.46
930,1130.02
931,1075.8
932,1122.45
933,1256.45
934,1381.01
935,1352.53
936,1242.69
937,1711.51
938,2543.23
939,2430.49
940,1451.3
941,1214.05
942,1397.26
943,1801.63
944,1885.82
945,1971.21
946,1935.31
947,1877.14
948,1727.37
949,1564.54
950,1650.02
951,1807.51
952,1831.1
953,2027.32
954,1757.68
955,1318.25
956,1513.27
957,1664.77
958,1828.06
959,1594.26
960,1545.86
961,1671.44
962,1545.52
963,1436.33
964,1520.52
965,1646.08
966,1611.15
967,1597.2
968,1568.81
969,1376.89
970,1233.56
971,1298.76
972,1531.05
973,1547.68
974,1529.34
975,1413.54
976,1390.99
977,1420.84
978,1356.55
979,1400.25
980,1436.55
981,1390.91
982,1407.11
983,1420.83
984,1955.85
985,2095.69
986,1810.42
987,1379.17
988,1331.74
989,1537.87
990,1656.94
991,1681.9
992,1712.91
993,1733.16
994,1526.8
995,1600.07
996,1655.88
997,1656.64
998,1500.52
999,1467.13
1000,2283.73
1001,2323.88
1002,1868.1
1003,1467.75
1004,1443.17
1005,1688.98
1006,1835.71
1007,1681.16
1008,1741.36
1009,1779.68
1010,1719.68
1011,1582.6
1012,1542.43
1013,1641.96
1014,1662.66
1015,1859.76
1016,917.068
1017,714.318
1018,1111.16
1019,1609.12
1020,1644.34
1021,1505.9
1022,1279.43
1023,1205.17
1024,1132.29
1025,1219.62
1026,1263.6
1027,1425.31
1028,1374.82
1029,1287.39
1030,1215.79
1031,1538.57
1032,511.48
1033,178.625
1034,959.062
1035,1367.52
1036,1413.63
1037,994.464
1038,811.477
1039,901.506
1040,898.742
1041,939.969
1042,927.984
1043,1008.91
1044,1064.33
1045,1067.95
1046,1017.21
1047,1466.8
1048,1250.55
1049,809.141
1050,994.619
1051,1185.55
1052,1257.49
1053,1103.57
1054,1198.72
1055,1168.19
1056,1134.21
1057,1078.46
1058,1105.26
1059,1162.59
1060,1168.41
1061,1135.56
1062,1378.27
1063,1134.47
1064,962.137
1065,852.493
1066,1057.49
1067,1239.53
1068,1214.17
1069,1072.51
1070,1202.03
1071,1172.01
1072,1066.85
1073,1090.35
1074,1042.78
1075,1100.34
1076,1147.37
1077,1254.22
1078,1624.36
1079,1502.57
1080,1137.47
1081,1104.31
1082,1154.74
1083,1183.62
1084,1234.58
1085,1263.14
1086,1372.37
1087,1176.71
1088,1186.07
1089,1209.11
1090,1214.86
1091,1159.21
1092,1166.15
1093,1233.37
1094,1004.58
1095,443.725
1096,410.963
1097,1084.57
1098,1289.53
1099,1155.37
1100,820.74
1101,927.433
1102,960.728
1103,801.455
1104,751.941
1105,888.188
1106,1017.91
1107,971.096
1108,909.337
1109,1086.52
1110,85.0332
1111,-1.8418
1112,540.615
1113,852.161
1114,1064.96
1115,733.549
1116,582.943
1117,522.453
1118,582.613
1119,539.368
1120,626.282
1121,829.681
1122,776.587
1123,618.275
1124,610.492
1125,1490.6
1126,1359.65
1127,868.824
1128,589.167
1129,757.646
1130,901.632
1131,1059.84
1132,1023.07
1133,948.957
1134,1013.96
1135,911.417
1136,856.674
1137,888.131
1138,961.357
1139,922.087
1140,1106.82
1141,91.6855
1142,-167.377
1143,237.387
1144,895.543
1145,1053.57
1146,857.474
1147,573.394
1148,404.135
1149,423.167
1150,537.176
1151,574.832
1152,693.492
1153,744.798
1154,644.463
1155,581.135
1156,1504
1157,1012.89
1158,400.829
1159,344.305
1160,650.225
1161,929.904
1162,873.593
1163,745.704
1164,806.88
1165,818.175
1166,788.763
1167,575.217
1168,739.385
1169,840.03
1170,853.8
1171,698.438
1172,772.807
1173,789.472
1174,553.944
1175,767.352
1176,838.386
1177,858.248
1178,736.741
1179,778.823
1180,659.576
1181,769.835
1182,744.896
1183,742.176
1184,727.556
1185,728.635
1186,757.223
1187,1081.39
1188,516.595
1189,112.729
1190,244.592
1191,790.559
1192,966.377
1193,663.862
1194,493.957
1195,706.315
1196,712.769
1197,459.719
1198,428.994
1199,601.451
1200,676.405
1201,646.073
1202,626.95
1203,1395.69
1204,1608.35
1205,958.498
1206,533.505
1207,610.492
1208,837.071
1209,970.465
1210,944.342
1211,1028.8
1212,965.496
1213,918.883
1214,849.383
1215,737.61
1216,842.777
1217,930.157
1218,927.71
1219,861.854
1220,1051.32
1221,932.78
1222,870.113
1223,796.587
1224,818.475
1225,860.429
1226,913.85
1227,900.863
1228,841.309
1229,822.479
1230,767.963
1231,795.846
1232,794.851
1233,805.277
1234,1009.45
1235,441.603
1236,287.629
1237,502.948
1238,631.173
1239,834.334
1240,759.941
1241,569.173
1242,533.911
1243,543.28
1244,458.391
1245,533.586
1246,705.855
1247,577.307
1248,536.143
1249,530.211
1250,225.278
1251,-922.513
1252,-773.006
1253,393.346
1254,782.592
1255,494.434
1256,-74.4849
1257,-65.041
1258,-105.128
1259,-112.939
1260,-190.272
1261,102.673
1262,289.405
1263,195.419
1264,-25.2812
1265,229.954
1266,33.6865
1267,-202.269
1268,-247.734
1269,77.1631
1270,303.785
1271,282.31
1272,143.262
1273,16.2964
1274,90.5679
1275,83.4048
1276,155.113
1277,228.702
1278,129.653
1279,183.832
1280,204.707
1281,686.993
1282,53.8008
1283,-270.771
1284,23.9473
1285,286.559
1286,296.887
1287,180.604
1288,103.157
1289,255.517
1290,130.71
1291,85.9839
1292,144.663
1293,226.604
1294,239.014
1295,133.54
1296,178.459
1297,255.1
1298,-183.306
1299,-506.174
1300,144.755
1301,343.738
1302,352.839
1303,-5.42676
1304,21.7124
1305,-15.7217
1306,12.6357
1307,76.0811
1308,107.185
1309,100.685
1310,108.23
1311,112.266
1312,407.435
1313,26.062
1314,-292.419
1315,-124.221
1316,159.91
1317,271.934
1318,104.238
1319,-12.8721
1320,187.939
1321,146.813
1322,67.7749
1323,-1.83887
1324,29.1973
1325,132.306
1326,203.265
1327,113.826
1328,141.6
1329,66.2148
1330,-87.9321
1331,-42.9062
1332,82.5293
1333,234.443
1334,87.2949
1335,1.16211
1336,155.278
1337,80.9561
1338,27.6982
1339,75.9189
1340,47.2939
1341,148.891
1342,85.7979
1343,156.734
1344,-630.89
1345,-1482.01
1346,-1100.22
1347,-12.3438
1348,305.266
1349,-66.4102
1350,-563.269
1351,-529.02
1352,-410.415
1353,-637.016
1354,-557.854
1355,-316.953
1356,-168.987
1357,-372.645
1358,-452.077
1359,-150.872
1360,-375.929
1361,-552.72
1362,-584.282
1363,-385.402
1364,-108.459
1365,-187.586
1366,-365.874
1367,-312.769
1368,-265.668
1369,-297.528
1370,-336.257
1371,-210.105
1372,-118.582
1373,-266.006
1374,-338.787
1375,454.383
1376,318.404
1377,-27.0151
1378,-250.836
1379,-232.426
1380,-24.6836
1381,12.7207
1382,67.8906
1383,-18.6436
1384,-18.2822
1385,-45.1426
1386,7.16602
1387,-12.2227
1388,-84.6152
1389,-81.4678
1390,151.49
1391,213.198
1392,-18.2415
1393,-203.901
1394,-102.949
1395,88.2168
1396,186.823
1397,102.066
1398,-88.958
1399,-17.3682
1400,43.9512
1401,-42.4688
1402,18.377
1403,52.6445
1404,36.4551
1405,-105.938
1406,298.243
1407,-64.4034
1408,-297.122
1409,-171.151
1410,43.4258
1411,48.334
1412,-58.8936
1413,-58.1758
1414,-62.9473
1415,-90.2979
1416,-76.041
1417,-133.23
1418,-114.162
1419,-20.6758
1420,-77.7559
1421,-78.9355
1422,409.072
1423,152.543
1424,-413.604
1425,-239.367
1426,45.834
1427,170.946
1428,-37.5557
1429,-79.1572
1430,-92.3047
1431,-43.71
1432,-96.1914
1433,-158.729
1434,-62.6133
1435,-26.123
1436,-24.7188
1437,-1.75293
1438,-227.674
1439,-340.779
1440,-386.903
1441,-108.162
1442,19.2793
1443,-95.3398
1444,-193.544
1445,-104.438
1446,-195.572
1447,-171.101
1448,-243.792
1449,-210.156
1450,-195.74
1451,-168.561
1452,-118.166
1453,333.674
1454,71.8478
1455,-522.085
1456,-417.988
1457,-130.195
1458,-19.1523
1459,-185.594
1460,-132.346
1461,-73.5557
1462,-178.868
1463,-327.016
1464,-230.417
1465,-162.283
1466,-142.627
1467,-128.329
1468,-205.325
1469,-207.359
1470,-299.297
1471,-397.181
1472,-293.342
1473,-147.311
1474,-205.287
1475,-244.608
1476,-271.911
1477,-204.167
1478,-298.005
1479,-318.632
1480,-295.283
1481,-287.379
1482,-268.342
1483,-233.94
1484,169.75
1485,-189.088
1486,-360.032
1487,-547.687
1488,-322.016
1489,-187.025
1490,-119.915
1491,-196.928
1492,-266.979
1493,-209.79
1494,-375.862
1495,-304.262
1496,-174.684
1497,-231.46
1498,-316.842
1499,-324.621
1500,-255.299
1501,-1514.86
1502,-1339.54
1503,-602.836
1504,-193.787
1505,-406.574
1506,-554.306
1507,-823.371
1508,-694.27
1509,-828.033
1510,-803.324
1511,-711.658
1512,-529.031
1513,-699.117
1514,-640.896
1515,-523.479
1516,-450.381
1517,-642.816
1518,-591.37
1519,-534.244
1520,-591.324
1521,-541.521
1522,-483.032
1523,-573.627
1524,-601.921
1525,-504.45
1526,-572.158
1527,-459.432
1528,-525.221
1529,-488.1
1530,-642.717
1531,-610.43
1532,-588.662
1533,-565.693
1534,-501.201
1535,-548.584
1536,-571.641
1537,-531.354
1538,-548.354
1539,-561.969
1540,-563.707
1541,-466.102
1542,-505.992
1543,-624.643
1544,-600.658
1545,-488.848
1546,-422.977
1547,-494.613
1548,-627.24
1549,-637.225
1550,-533.008
1551,-476.404
1552,-495.918
1553,-569.578
1554,-568.541
1555,-535.492
1556,-569.512
1557,-575.117
1558,-542.102
1559,-489.42
1560,-512.004
1561,-624.25
1562,-624.498
1563,-426.529
1564,-503.607
1565,-643.379
1566,-482.309
1567,-463.645
1568,-532.822
1569,-634.881
1570,-465.67
1571,-501.131
1572,-527.639
1573,-547.041
1574,-639.271
1575,-582.295
1576,-461.209
1577,-431.24
1578,-695.379
1579,-501.676
1580,-622.828
1581,-571.58
1582,-550.922
1583,-484.578
1584,-589.939
1585,-611.164
1586,-477.93
1587,-571.42
1588,-630.18
1589,-595.43
1590,-516.279
1591,-548.416
1592,-569.691
1593,-607.504
1594,-505.484
1595,-535.551
1596,-526.908
1597,-603.15
1598,-640.578
1599,-615.463
1600,-580.275
1601,-503.479
1602,-556.799
1603,-653.209
1604,-569.854
1605,-545.596
1606,-676.664
1607,-620.475
1608,-527.33
1609,-529.008
1610,-711.143
1611,-628.049
1612,-559.059
1613,-568.869
1614,-608.008
1615,-646.305
1616,-590.186
1617,-559.619
1618,-589.32
1619,-709.754
1620,-563.125
1621,-564.965
1622,-588.777
1623,-690.865
1624,-685.652
1625,-546.518
1626,-613.172
1627,-520.586
1628,-637.617
1629,-694.154
1630,-656.529
1631,-542.924
1632,-649.281
1633,-690.631
1634,-626.945
1635,-554.982
1636,-648.676
1637,-704.875
1638,-620.406
1639,-622.164
1640,-611.424
1641,-708.705
1642,-685.266
1643,-605.068
1644,-649.932
1645,-725.213
1646,-553.971
1647,-555.693
1648,-710.607
1649,-795.852
1650,-636.023
1651,-596.949
1652,-621.645
1653,-657.633
1654,-691.93
1655,-779.043
1656,-698.121
1657,-608.639
1658,-694.5
1659,-684.596
1660,-718.539
1661,-620.32
1662,-708.162
1663,-713.293
1664,-634.15
1665,-668.873
1666,-634.248
1667,-714.711
1668,-722.596
1669,-712.705
1670,-662.645
1671,-590.959
1672,-681.592
1673,-775.506
1674,-785.484
1675,-710.613
1676,-657.281
1677,-669.584
1678,-718.852
1679,-721.658
1680,-768.381
1681,-725.256
1682,-717.09
1683,-705.107
1684,-686.207
1685,-706.566
1686,-789.207
1687,-711.35
1688,-624.002
1689,-749.824
1690,-801.348
1691,-699.105
1692,-677.602
1693,-765.139
1694,-775.609
1695,-614.09
1696,-704.098
1697,-706.115
1698,-733.51
1699,-838.283
1700,-717.48
1701,-649.135
1702,-589.654
1703,-887.656
1704,-749.232
1705,-752.117
1706,-765.75
1707,-709.303
1708,-735.803
1709,-796.471
1710,-740.785
1711,-672.004
1712,-831.717
1713,-782.553
1714,-741.883
1715,-665.121
1716,-788.016
1717,-841.611
1718,-652.914
1719,-669.838
1720,-735.264
1721,-752.568
1722,-732.799
1723,-774.289
1724,-800.256
1725,-786.295
1726,-644.176
1727,-671.688
1728,-761.176
1729,-790.199
1730,-780.861
1731,-715.916
1732,-736.484
1733,-742.346
1734,-841.189
1735,-805.42
1736,-681.08
1737,-730.982
1738,-859.586
1739,-721.057
1740,-747.01
1741,-707.131
1742,-776.559
1743,-799.484
1744,-801.898
1745,-705.531
1746,-692.199
1747,-831.396
1748,-802.826
1749,-801.389
1750,-705.039
1751,-819.645
1752,-660.727
1753,-800.75
1754,-799.105
1755,-810.123
1756,-730.102
1757,-767.984
1758,-847.016
1759,-728.115
1760,-801.803
1761,-807.775
1762,-802.406
1763,-780.896
1764,-782.453
1765,-778.967
1766,-869.168
1767,-752.174
1768,-796.206
1769,-818.586
1770,-799.133
1771,-726.19
1772,-736.593
1773,-903.29
1774,-880.036
1775,-777.369
1776,-782.781
1777,-761.939
1778,-785.289
1779,-867.689
1780,-845.353
1781,-793.812
1782,-775.588
1783,-900.575
1784,-802.732
1785,-762.994
1786,-791.755
1787,-836.476
1788,-821.463
1789,-751.207
1790,-799.458
1791,-774.988
1792,-861.223
1793,-775.142
1794,-814.908
1795,-748.887
1796,-774.894
1797,-861.959
1798,-804.232
1799,-846.447
1800,-815.985
1801,-789.326
1802,-757.755
1803,-800.35
1804,-800.46
1805,-931.859
1806,-788.92
1807,-788.873
1808,-750.498
1809,-833.931
1810,-835.421
1811,-741.663
1812,-786.547
1813,-785.337
1814,-903.707
1815,-828.172
1816,-705.112
1817,-789.664
1818,-906.255
1819,-777.941
1820,-657.655
1821,-726.981
1822,-854.843
1823,-860.907
1824,-822.968
1825,-745.365
1826,-724.816
1827,-767.163
1828,-882.825
1829,-734.922
1830,-853.793
1831,-845.315
1832,-733.271
1833,-777.134
1834,-759.531
1835,-835.717
1836,-838.038
1837,-813.995
1838,-758.083
1839,-778.999
1840,-874.634
1841,-786.825
1842,-761.352
1843,-776.47
1844,-793.055
1845,-725.507
1846,-760.406
1847,-778.237
1848,-815.732
1849,-803.526
1850,-839.738
1851,-704.553
1852,-608.254
1853,-828.193
1854,-848.523
1855,-823.192
1856,-754.326
1857,-805.789
1858,-730.358
1859,-821.6
1860,-833.795
1861,-785.593
1862,-758.677
1863,-783.775
1864,-812.83
1865,-775.775
1866,-715.132
1867,-753.385
1868,-809.783
1869,-799.757
1870,-703.874
1871,-718.296
1872,-860.286
1873,-728.831
1874,-718.499
1875,-741.702
1876,-828.403
1877,-650.591
1878,-696.366
1879,-850.737
1880,-827.348
1881,-697.122
1882,-700.021
1883,-788.567
1884,-765.042
1885,-802.022
1886,-749.166
1887,-763.47
1888,-689.102
1889,-837.351
1890,-817.207
1891,-740.208
1892,-715.664
1893,-729.642
1894,-816.809
1895,-740.487
1896,-694.901
1897,-739.995
1898,-888.293
1899,-789.499
1900,-766.416
1901,-688.348
1902,-718.254
1903,-817.176
1904,-730.317
1905,-699.77
1906,-741.672
1907,-863.214
1908,-766.78
1909,-633.355
1910,-760.348
1911,-828.4
1912,-669.837
1913,-699.257
1914,-695.708
1915,-827.014
1916,-695.397
1917,-720.77
1918,-713.552
1919,-721.313
1920,-765.283
1921,-731.823
1922,-726.859
1923,-715.877
1924,-810.282
1925,-695.065
1926,-734.791
1927,-651.392
1928,-725.875
1929,-737.09
1930,-805.907
1931,-705.547
1932,-676.472
1933,-781.268
1934,-770.86
1935,-700.078
1936,-670.194
1937,-752.839
1938,-669.196
1939,-767.396
1940,-728.878
1941,-649.439
1942,-637.611
1943,-767.976
1944,-770.551
1945,-563.981
1946,-638.182
1947,-723.557
1948,-747.828
1949,-666.719
1950,-722.752
1951,-707.202
1952,-636.63
1953,-748.065
1954,-730.865
1955,-712.825
1956,-681.517
1957,-705.32
1958,-700.429
1959,-678.308
1960,-666.741
1961,-722.51
1962,-749.131
1963,-644.754
1964,-684.88
1965,-827.889
1966,-630.771
1967,-589.345
1968,-590.035
1969,-764.746
1970,-717.031
1971,-580.978
1972,-641.009
1973,-682.513
1974,-774.806
1975,-707.232
1976,-606.836
1977,-548.639
1978,-713.859
1979,-661.939
1980,-679.301
1981,-646.906
1982,-743.979
1983,-713.214
1984,-694.509
1985,-660.06
1986,-611.931
1987,-708.552
1988,-696.564
1989,-653.894
1990,-625.8
1991,-662.169
1992,-595.17
1993,-647.534
1994,-669.344
1995,-685.399
1996,-634.683
1997,-634.429
1998,-668.246
1999,-672.281
2000,-637.394
2001,-664.049
2002,-559.047
2003,-642.755
2004,-714.161
2005,-650.517
2006,-601.033
2007,-613.91
2008,-715.348
2009,-634.339
2010,-600.398
2011,-592.677
2012,-626.658
2013,-672.74
2014,-659.036
2015,-583.041
2016,-590.487
2017,-675.398
2018,-610.886
2019,-661.419
2020,-584.158
2021,-635.761
2022,-547.439
2023,-637.752
2024,-646.427
2025,-634.472
2026,-628.429
2027,-527.646
2028,-565.038
2029,-606.098
2030,-635.39
2031,-557.045
2032,-624.398
2033,-630.901
2034,-551.261
2035,-542.202
2036,-586.036
2037,-605.178
2038,-559.65
2039,-537.157
2040,-590.945
2041,-557.218
2042,-528.873
2043,-535.118
2044,-589.783
2045,-654.695
2046,-479.379
2047,-490.719
2048,-589.192
2049,-702.514
2050,-575.495
2051,-477.061
2052,-520.888
2053,-596.158
2054,-546.555
2055,-616.005
2056,-580.336
2057,-509.169
2058,-594.338
2059,-529.115
2060,-517.651
2061,-471.848
2062,-593.49
2063,-566.021
2064,-535.46
2065,-511.978
2066,-522.934
2067,-535.838
2068,-564.545
2069,-537.793
2070,-428.856
2071,-556.1
2072,-483.554
2073,-488.275
2074,-547.1
2075,-610.003
2076,-525.267
2077,-385.521
2078,-569.458
2079,-494.322
2080,-600.483
2081,-528.649
2082,-474.055
2083,-455.053
2084,-545.89
2085,-472.511
2086,-506.433
2087,-492.137
2088,-569.738
2089,-565.13
2090,-508.665
2091,-431.36
2092,-422.868
2093,-490.204
2094,-511.863
2095,-440.554
2096,-421.534
2097,-472.47
2098,-474.844
2099,-502.645
2100,-470.013
2101,-409.793
2102,-377.512
2103,-505.753
2104,-465.008
2105,-493.572
2106,-495.482
2107,-469.043
2108,-440.417
2109,-477.882
2110,-495.47
2111,-384.243
2112,-509.49
2113,-476.96
2114,-461.717
2115,-430.539
2116,-485.692
2117,-432.666
2118,-403.043
2119,-514.262
2120,-470.519
2121,-399.831
2122,-382.711
2123,-467.638
2124,-473.128
2125,-403.556
2126,-416.6
2127,-342.138
2128,-401.526
2129,-462.132
2130,-466.514
2131,-385.638
2132,-385.716
2133,-404.034
2134,-426.09
2135,-443.806
2136,-377.883
2137,-372.403
2138,-494.022
2139,-443.843
2140,-343.895
2141,-314.476
2142,-432.416
2143,-439.457
2144,-408.475
2145,-388.014
2146,-355.116
2147,-385.992
2148,-464.596
2149,-438.619
2150,-356.471
2151,-396.301
2152,-291.474
2153,-353.874
2154,-313.543
2155,-480.46
2156,-424.183
2157,-340.075
2158,-320.181
2159,-316.261
2160,-426.739
2161,-341.882
2162,-290.087
2163,-330.117
2164,-446.504
2165,-301.69
2166,-254.143
2167,-287.828
2168,-425.944
2169,-373.535
2170,-292.76
2171,-265.275
2172,-300.36
2173,-399.153
2174,-385.945
2175,-325.448
2176,-262.674
2177,-291.645
2178,-276.979
2179,-343.767
2180,-365.628
2181,-326.931
2182,-294.091
2183,-337.781
2184,-285.573
2185,-211.534
2186,-311.188
2187,-358.716
2188,-262.867
2189,-244.763
2190,-333.616
2191,-240.802
2192,-278.06
2193,-288.625
2194,-359.383
2195,-180.408
2196,-229.881
2197,-282.952
2198,-288.01
2199,-331.955
2200,-317.695
2201,-227.576
2202,-147.74
2203,-378.386
2204,-276.197
2205,-379.111
2206,-235.438
2207,-228.578
2208,-236.243
2209,-279.23
2210,-240.918
2211,-241.069
2212,-348.284
2213,-219.626
2214,-218.011
2215,-278.399
2216,-277.007
2217,-141.682
2218,-236.572
2219,-272.038
2220,-221.666
2221,-93.1689
2222,-267.569
2223,-371.201
2224,-239.103
2225,-147.462
2226,-154.556
2227,-219.926
2228,-208.748
2229,-208.847
2230,-262.671
2231,-285.574
2232,-154.082
2233,-143.347
2234,-228.849
2235,-305.788
2236,-202.607
2237,-169.006
2238,-232.421
2239,-205.103
2240,-196.869
2241,-198.329
2242,-185.879
2243,-122.664
2244,-286.301
2245,-161.579
2246,-122.276
2247,-81.0771
2248,-255.918
2249,-249.96
2250,-67.4062
2251,-118.899
2252,-50.875
2253,-166.191
2254,-228.298
2255,-195.856
2256,-93.5186
2257,-141.959
2258,-129.701
2259,-131.262
2260,-118.472
2261,-142.848
2262,-175.548
2263,-141.224
2264,-114.225
2265,-91.0342
2266,-203.123
2267,-179.867
2268,-47.667
2269,-121.197
2270,-187.665
2271,-44.2715
2272,-52.3115
2273,-178.372
2274,-241.414
2275,-101.673
2276,-53.3623
2277,-11.8848
2278,-101.604
2279,-142.081
2280,-208.233
2281,-28.4727
2282,-28.7607
2283,-153.635
2284,-50.7051
2285,-106.403
2286,-87.2275
2287,-123.894
2288,-45.3018
2289,-62.2979
2290,-163.408
2291,-20.8232
2292,-42.5684
2293,-130.808
2294,-140.99
2295,-12.4277
2296,-2.57031
2297,-102.604
2298,-145.077
2299,-98.0977
2300,-80.3926
2301,11.332
2302,-26.8877
2303,-107.392
2304,-72.9072
2305,-116.111
2306,-68.5928
2307,-45.4141
2308,-52.2295
2309,-41.874
2310,-48.7568
2311,-107.396
2312,-10.2695
2313,27.6338
2314,8.61914
2315,-90.9668
2316,-95.2959
2317,-32.4248
2318,-14.043
2319,-0.474609
2320,-20.4756
2321,-17.2383
2322,38.5186
2323,1.11621
2324,-171.309
2325,4.84668
2326,105.168
2327,121.893
2328,-227.61
2329,-58.3184
2330,-12.5215
2331,24.2549
2332,33.9736
2333,0.415039
2334,-39.166
2335,3.79883
2336,55.3906
2337,-57.2285
2338,32.6338
2339,15.3438
2340,37.4951
2341,-18.4336
2342,-11.7441
2343,79.3906
2344,74.498
2345,77.6855
2346,-4.46289
2347,-40.7939
2348,20.6309
2349,50.1318
2350,-29.6182
2351,83.5615
2352,118.312
2353,85.3691
2354,-79.5186
2355,-3.50098
2356,95.2246
2357,57.8242
2358,85.4941
2359,58.3457
2360,-19.5605
2361,-14.7441
2362,66.5264
2363,95.957
2364,75.2344
2365,-3.29102
2366,58.3691
2367,66.7305
2368,127.695
2369,22.373
2370,35.9385
2371,147.997
2372,55.5977
2373,2.02148
2374,33.6094
2375,166.561
2376,75.0684
2377,177.426
2378,33.4512
2379,73.291
2380,23.3438
2381,156.834
2382,111.912
2383,61.5449
2384,121.248
2385,11.8555
2386,102.932
2387,125.576
2388,134.17
2389,57.5273
2390,96.75
2391,100.557
2392,145.084
2393,124.105
2394,111.58
2395,118.324
2396,97.9102
2397,123.848
2398,44.1289
2399,142.744
2400,140.76
2401,73.1934
2402,142.404
2403,189.471
2404,114.391
2405,14.3105
2406,168.24
2407,250.826
2408,97.9492
2409,55.6523
2410,152.865
2411,207.109
2412,134.906
2413,107.215
2414,215.104
2415,168.236
2416,188.154
2417,84.3105
2418,237.209
2419,152.117
2420,169.217
2421,111.771
2422,137.32
2423,159.885
2424,127.23
2425,166.635
2426,203.57
2427,208.623
2428,163.803
2429,174.623
2430,37.4434
2431,185.693
2432,252.131
2433,247.866
2434,89.6104
2435,125.188
2436,296.942
2437,260.148
2438,230.152
2439,101.637
2440,151.289
2441,247.796
2442,256.129
2443,144.266
2444,215.031
2445,235.215
2446,226.83
2447,189.005
2448,205.173
2449,175.124
2450,181.979
2451,300.554
2452,279.62
2453,12.7285
2454,234.328
2455,198.006
2456,196.258
2457,222.881
2458,239.243
2459,258.3
2460,169.851
2461,284.078
2462,209.734
2463,227.169
2464,295.8
2465,199.969
2466,199.966
2467,283.876
2468,346.277
2469,270.152
2470,252.423
2471,214.085
2472,270.656
2473,252.085
2474,281.953
2475,194.451
2476,292.372
2477,394.242
2478,215.967
2479,205.934
2480,232.752
2481,309.903
2482,278.719
2483,288.566
2484,202.371
2485,229.34
2486,297.806
2487,318.127
2488,207.785
2489,238.508
2490,275.719
2491,250.965
2492,312.82
2493,332.637
2494,219.825
2495,284.267
2496,367.845
2497,233.005
2498,249.596
2499,273.03
2500,422.396
2501,254.081
2502,298.357
2503,297.349
2504,311.691
2505,285.159
2506,307.69
2507,316.048
2508,263.941
2509,305.852
2510,206.787
2511,371.16
2512,368.037
2513,339.93
2514,215.35
2515,289.201
2516,344.405
2517,335.416
2518,359.56
2519,248.596
2520,247.797
2521,345.781
2522,406.896
2523,173.132
2524,283.106
2525,320.934
2526,425.888
2527,325.8
2528,273.752
2529,374.292
2530,299.577
2531,320.308
2532,295.451
2533,345.374
2534,369.896
2535,302.175
2536,308.646
2537,380.567
2538,319.2
2539,370.224
2540,293.989
2541,372.752
2542,367.17
2543,402.891
2544,368.548
2545,278.626
2546,322.872
2547,438.728
2548,371.796
2549,217.733
2550,388.128
2551,423.086
2552,427.438
2553,305.165
2554,369.797
2555,266.239
2556,332.36
2557,424.061
2558,386.068
2559,318.752
2560,312.642
2561,417.134
2562,390.094
2563,413.132
2564,294.296
2565,403.567
2566,422.633
2567,401.872
2568,332.246
2569,376.24
2570,514.237
2571,342.95
2572,328.896
2573,376.107
2574,368.765
2575,355.492
2576,412.143
2577,424.275
2578,320.82
2579,394.201
2580,374.409
2581,348.64
2582,363.764
2583,435.49
2584,402.203
2585,399.925
2586,439.543
2587,351.136
2588,418.009
2589,464.806
2590,288.937
2591,387.527
2592,462.725
2593,519.922
2594,321.077
2595,325.479
2596,467.044
2597,484.674
2598,401.345
2599,358.208
2600,390.631
2601,485.749
2602,489.338
2603,315.649
2604,412.203
2605,421.038
2606,457.479
2607,372.312
2608,428.888
2609,378.327
2610,416.086
2611,466.251
2612,376.045
2613,366.673
2614,456.159
2615,475.409
2616,389.649
2617,456.819
2618,484.169
2619,375.019
2620,364.885
2621,454.203
2622,493.382
2623,435.121
2624,397.42
2625,395.938
2626,439.335
2627,560.196
2628,442.651
2629,355.94
2630,404.971
2631,470.287
2632,482.661
2633,376.912
2634,438.972
2635,417.272
2636,501.025
2637,444.223
2638,403.525
2639,413.613
2640,490.492
2641,426.449
2642,404.86
2643,535.206
2644,393.158
2645,423.671
2646,453.335
2647,530.219
2648,354.474
2649,375.197
2650,486.511
2651,476.122
2652,493.543
2653,424.604
2654,423.925
2655,368.785
2656,537.204
2657,407.982
2658,442.127
2659,489.081
2660,510.28
2661,404.302
2662,375.7
2663,529.626
2664,511.351
2665,399.818
2666,442.925
2667,500.47
2668,476.664
2669,406.726
2670,358.158
2671,527.6
2672,504.247
2673,425.015
2674,346.469
2675,465.793
2676,526.871
2677,484.782
2678,507.365
2679,424.476
2680,304.641
2681,447.665
2682,578.572
2683,407.035
2684,387.219
2685,481.463
2686,564.656
2687,426.378
2688,440.885
2689,488.646
2690,482.091
2691,506.994
2692,457.421
2693,454.005
2694,488.624
2695,523.191
2696,408.496
2697,532.52
2698,452.954
2699,431.261
2700,405.159
2701,497.648
2702,574.786
2703,380.905
2704,523.895
2705,402.054
2706,441.509
2707,496.89
2708,529.617
2709,416.197
2710,469.7
2711,534.57
2712,485.878
2713,403.528
2714,456.755
2715,446.276
2716,518.492
2717,563.18
2718,479.938
2719,437.352
2720,507.53
2721,518.3
2722,457.016
2723,493.813
2724,469.86
2725,452.386
2726,506.42
2727,587.27
2728,450.058
2729,430.784
2730,441.51
2731,531.698
2732,484.254
2733,477.726
2734,458.168
2735,443.784
2736,520.804
2737,437.888
2738,505.526
2739,478.806
2740,459.063
2741,432.831
2742,535.344
2743,544.593
2744,412.263
2745,458.259
2746,506.245
2747,478.458
2748,484.971
2749,469.524
2750,411.315
2751,501.917
2752,590.871
2753,492.192
2754,385.307
2755,420.022
2756,535.322
2757,493.566
2758,460.207
2759,488.449
2760,426.686
2761,475.06
2762,538.491
2763,447.347
2764,407.075
2765,500.976
2766,571.691
2767,421.913
2768,433.472
2769,525.291
2770,523.035
2771,501.825
2772,480.266
2773,408.654
2774,436.954
2775,485.521
2776,458.471
2777,561.312
2778,485.159
2779,547.561
2780,397.09
2781,461.919
2782,516.196
2783,562.324
2784,529.831
2785,404.981
2786,454.141
2787,550.385
2788,540.448
2789,414.386
2790,455.629
2791,558.292
2792,564.115
2793,429.425
2794,405.235
2795,513.713
2796,511.354
2797,535.998
2798,425.115
2799,387.286
2800,495.695
2801,552.865
2802,519.341
2803,474.549
2804,409.011
2805,439.518
2806,451.325
2807,505.162
2808,449.051
2809,483.12
2810,516.686
2811,494.459
2812,498.965
2813,506.101
2814,467.729
2815,475.781
2816,528.505
2817,449.128
2818,507.073
2819,500.193
2820,531.095
2821,459.543
2822,466.309
2823,468.76
2824,429.005
2825,494.335
2826,518.25
2827,511.876
2828,388.938
2829,512.777
2830,339.064
2831,442.213
2832,514.387
2833,558.933
2834,381.502
2835,379.704
2836,547.674
2837,474.993
2838,497.926
2839,456.628
2840,471.84
2841,435.735
2842,525.246
2843,509.482
2844,466.781
2845,476.765
2846,544.463
2847,472.648
2848,386.419
2849,469.812
2850,531.499
2851,561.632
2852,462.372
2853,416.079
2854,504.709
2855,438.709
2856,403.846
2857,560.991
2858,579.025
2859,409.036
2860,325.783
2861,465.262
2862,552.035
2863,431.739
2864,450.243
2865,488.961
2866,471.875
2867,448.164
2868,533.11
2869,450.804
2870,461.107
2871,410.136
2872,557.429
2873,442.139
2874,402.765
2875,454.447
2876,518.973
2877,617.799
2878,389.727
2879,367.915
2880,455.407
2881,550.798
2882,434.001
2883,431.956
2884,484.249
2885,467.742
2886,413.151
2887,463.223
2888,508.712
2889,416.074
2890,473.625
2891,450.184
2892,460.441
2893,522.061
2894,432.955
2895,404.786
2896,484.522
2897,437.236
2898,418.564
2899,416.136
2900,423.64
2901,437.267
2902,508.032
2903,485.575
2904,423.772
2905,332.305
2906,519.064
2907,487.597
2908,435.834
2909,447.073
2910,378.137
2911,448.406
2912,470.526
2913,514.609
2914,422.409
2915,359.281
2916,482.084
2917,454.626
2918,490.352
2919,376.445
2920,408.193
2921,482.677
2922,490.94
2923,345.306
2924,393.498
2925,489.616
2926,515.683
2927,397.089
2928,374.235
2929,459.665
2930,356.29
2931,426.526
2932,448.945
2933,453.137
2934,418.148
2935,429.072
2936,391.187
2937,470.558
2938,487.548
2939,444.886
2940,367.433
2941,370.126
2942,451.016
2943,489.289
2944,458.89
2945,424.496
2946,340.224
2947,481.189
2948,467.08
2949,305.816
2950,384.842
2951,503.626
2952,517.781
2953,219.315
2954,386.174
2955,400.887
2956,429.856
2957,426.092
2958,431.462
2959,368.98
2960,338.952
2961,469.643
2962,368.624
2963,442.113
2964,382.789
2965,423.407
2966,347.971
2967,397.771
2968,489.473
2969,451.635
2970,407.583
2971,366.766
2972,416.682
2973,431.423
2974,365.458
2975,297.365
2976,492.573
2977,492.895
2978,367.987
2979,298.693
2980,345.552
2981,421.627
2982,356.218
2983,446.17
2984,347.06
2985,320.931
2986,365.014
2987,439.468
2988,387.357
2989,363.128
2990,285.909
2991,444.763
2992,447.823
2993,387.844
2994,268.149
2995,395.32
2996,455.664
2997,321.334
2998,308.922
2999,402.878
3000,407.805
3001,356.826
3002,432.464
3003,323.112
3004,369.525
3005,296.965
3006,419.854
3007,377.455
3008,329.491
3009,379.715
3010,331.954
3011,364.957
3012,366.578
3013,372.437
3014,343.509
3015,371.879
3016,297.342
3017,411.74
3018,412.743
3019,338.012
3020,265.715
3021,341.305
3022,432.767
3023,286.097
3024,365.751
3025,298.959
3026,310.458
3027,461.602
3028,407.932
3029,276.966
3030,238.824
3031,414.173
3032,453.85
3033,241.826
3034,261.385
3035,389.981
3036,392.795
3037,348.492
3038,296.559
3039,321.374
3040,340.729
3041,381.841
3042,269.439
3043,341.39
3044,400.318
3045,398.449
3046,183.753
3047,295.922
3048,376.954
3049,320.259
3050,285.007
3051,307.453
3052,385.243
3053,276.123
3054,264.979
3055,228.221
3056,364.282
3057,296.185
3058,371.941
3059,282.73
3060,228.413
3061,295.65
3062,380.551
3063,385.006
3064,216.725
3065,227.234
3066,383.298
3067,353.415
3068,278.357
3069,351.341
3070,329.113
3071,292.29
3072,309.544
3073,312.797
3074,255.146
3075,314.819
3076,401.338
3077,337.897
3078,173.162
3079,301.985
3080,284.738
3081,314.7
3082,317.676
3083,271.458
3084,287.068
3085,293.007
3086,365.596
3087,243.217
3088,278.696
3089,369.957
3090,249.514
3091,248.751
3092,317.292
3093,367.919
3094,280.148
3095,305.583
3096,245.29
3097,297.759
3098,306.248
3099,314.365
3100,204.447
3101,260.045
3102,408.479
3103,268.882
3104,245.826
3105,172.956
3106,268.625
3107,317.384
3108,306.799
3109,141.845
3110,202.721
3111,328.079
3112,320.855
3113,210.836
3114,233.494
3115,266.319
3116,274.177
3117,313.837
3118,298.441
3119,192.722
3120,224.281
3121,271.437
3122,222.144
3123,235.488
3124,277.757
3125,309.062
3126,202.883
3127,247.318
3128,225.863
3129,219.701
3130,203.106
3131,228.29
3132,243.174
3133,247.098
3134,259.011
3135,135.953
3136,228.419
3137,266.901
3138,316.894
3139,154.267
3140,180.962
3141,273.833
3142,308.393
3143,275.827
3144,118.5
3145,228.656
3146,272.172
3147,208.641
3148,120.225
3149,283.962
3150,178.77
3151,210.312
3152,260.215
3153,227.755
3154,180.464
3155,145.604
3156,314.172
3157,214.285
3158,143.072
3159,215.021
3160,219.779
3161,188.422
3162,232.704
3163,190.188
3164,240.639
3165,205.71
3166,166.561
3167,163.941
3168,274.519
3169,204.135
3170,144.448
3171,133.309
3172,231.679
3173,199.001
3174,116.369
3175,203.933
3176,204.32
3177,210.749
3178,168.767
3179,203.234
3180,76.3213
3181,158.753
3182,206.092
3183,215.14
3184,162.708
3185,140.776
3186,221.857
3187,204.78
3188,218.507
3189,94.8555
3190,147.793
3191,210.754
3192,240.239
3193,165.402
3194,104.976
3195,184.271
3196,177.512
3197,174.008
3198,116.764
3199,97.7207
3200,170.985
3201,223.728
3202,153.468
3203,55.9961
3204,168.433
3205,108.861
3206,71.2051
3207,133.901
3208,205.63
3209,124.167
3210,102.302
3211,153.565
3212,110.734
3213,168.233
3214,153.938
3215,61.0498
3216,127.896
3217,195.259
3218,281.01
3219,94.2041
3220,79.4443
3221,103.836
3222,208.739
3223,159.043
3224,47.1025
3225,84.5127
3226,211.835
3227,184.857
3228,57.7588
3229,111.197
3230,43.6152
3231,171.984
3232,115.961
3233,87.6895
3234,65.4727
3235,100.979
3236,151.906
3237,59.8926
3238,84.3877
3239,136.393
3240,113.986
3241,18.1631
3242,172.404
3243,139.561
3244,25.3193
3245,38.7617
3246,128.117
3247,126.959
3248,97.2607
3249,102.389
3250,96.4854
3251,80.9189
3252,172.738
3253,60.3965
3254,53.1465
3255,84.5898
3256,75.0508
3257,108.065
3258,87.4287
3259,87.8203
3260,-50.7246
3261,42.4561
3262,179.269
3263,62.5391
3264,-18.3965
3265,69.6943
3266,79.4092
3267,64.2168
3268,141.856
3269,23.8984
3270,37.0967
3271,68.9932
3272,137.21
3273,-32.1357
3274,-8.5127
3275,69.5049
3276,113.582
3277,84.3105
3278,29.0059
3279,53.5889
3280,8.47852
3281,70.9316
3282,3.96582
3283,50.292
3284,16.0967
3285,81.4473
3286,13.9551
3287,27.2119
3288,76.5107
3289,68.46
3290,3.41504
3291,-3.37109
3292,16.5381
3293,110.465
3294,30.5039
3295,-0.0419922
3296,62.665
3297,29.0254
3298,45.5303
3299,-28.3535
3300,-50.9424
3301,45.1836
3302,114.851
3303,34.3428
3304,-65.415
3305,-48.5762
3306,111.688
3307,32.4365
3308,-56.7305
3309,40.1406
3310,27.9912
3311,13.2764
3312,-49.3301
3313,58.6104
3314,-5.08496
3315,-44.7852
3316,48.165
3317,19.8096
3318,-3.67969
3319,-21.1758
3320,60.3145
3321,-23.6895
3322,30.6475
3323,-35.7676
3324,6.97656
3325,-44.8936
3326,21.1445
3327,72.0137
3328,-79.9072
3329,29.5498
3330,-115.589
3331,-58.1885
3332,46.918
3333,52.0518
3334,-80.042
3335,-23.334
3336,51.7598
3337,-13.1045
3338,-24.5156
3339,-10.0664
3340,-71.1377
3341,-44.1562
3342,38.7852
3343,57.1982
3344,-27.4531
3345,-52.9736
3346,-28.3662
3347,-11.9482
3348,-32.0127
3349,-67.7764
3350,-33.3242
3351,-12.6787
3352,19.3301
3353,-88.6396
3354,-71.7031
3355,-80.8066
3356,-61.8447
3357,-17.082
3358,-2.06348
3359,-108.58
3360,-134.506
3361,38.4141
3362,-48.6934
3363,-65.4883
3364,-51.8438
3365,-16.9639
3366,-81.5645
3367,-45.4805
3368,27.0293
3369,-46.1318
3370,-63.9473
3371,-87.0508
3372,-57.124
3373,-25.4648
3374,-56.834
3375,-99.2715
3376,-40.4219
3377,26.7559
3378,-45.2266
3379,-177.304
3380,-139.69
3381,11.3701
3382,-12.4463
3383,-84.2734
3384,-119.192
3385,-124.701
3386,-12.7598
3387,-38.6699
3388,-125.293
3389,-56.6816
3390,-38.8418
3391,-58.9619
3392,-141.833
3393,-50.4307
3394,-33.9346
3395,-71.8711
3396,-109.316
3397,-62.6621
3398,-116.737
3399,-76.873
3400,-83.1904
3401,-75.373
3402,-22.1982
3403,-97.4189
3404,-52.4502
3405,-192.515
3406,-124.159
3407,-35.0684
3408,-50.1748
3409,-60.002
3410,-176.425
3411,-119.456
3412,-55.9951
3413,-44.0303
3414,-88.1045
3415,-126.357
3416,-125.317
3417,-38.3818
3418,-38.9717
3419,-101.766
3420,-122.127
3421,-64.9482
3422,-52.1475
3423,-171.343
3424,-162.911
3425,-31.7627
3426,-48.0078
3427,-158.059
3428,-120.561
3429,-131.235
3430,-155.649
3431,-132.424
3432,-71.7969
3433,-126.561
3434,-120.019
3435,-125.132
3436,-146.78
3437,-137.115
3438,-66.6699
3439,-154.891
3440,-161.478
3441,-121.642
3442,-124.175
3443,-73.9863
3444,-152.054
3445,-106.981
3446,-195.895
3447,-161.535
3448,-110.641
3449,-150.961
3450,-145.919
3451,-116.167
3452,-61.7432
3453,-209.305
3454,-163.289
3455,-252.972
3456,-101.226
3457,-52.5801
3458,-71.958
3459,-201.079
3460,-191.419
3461,-86.2842
3462,-171.243
3463,-120.057
3464,-176.546
3465,-216.22
3466,-113.394
3467,-50.373
3468,-153.002
3469,-169.516
3470,-89.7461
3471,-113.298
3472,-236.402
3473,-254.852
3474,-103.422
3475,-102.055
3476,-104.966
3477,-221.117
3478,-177.034
3479,-138.635
3480,-221.342
3481,-225.327
3482,-102.919
3483,-90.9492
3484,-226.82
3485,-260.087
3486,-176.877
3487,-173.822
3488,-173.555
3489,-116.057
3490,-224.699
3491,-247.358
3492,-104.987
3493,-40.0332
3494,-244.562
3495,-250.786
3496,-168.494
3497,-73.8379
3498,-207.803
3499,-241.2
3500,-114.882
3501,-100.592
3502,-122.161
3503,-257.762
3504,-218.223
3505,-182.256
3506,-162.559
3507,-211.034
3508,-176.424
3509,-174.645
3510,-236.158
3511,-229.311
3512,-145.799
3513,-170.365
3514,-208.663
3515,-174.044
3516,-195.488
3517,-196.379
3518,-112.439
3519,-173.156
3520,-215.011
3521,-211.99
3522,-225.487
3523,-205.335
3524,-199.502
3525,-200.203
3526,-180.096
3527,-154.294
3528,-179.839
3529,-230.1
3530,-299.021
3531,-217.659
3532,-173.358
3533,-163.767
3534,-183.386
3535,-325.938
3536,-184.877
3537,-127.037
3538,-166.662
3539,-261.806
3540,-275.501
3541,-171.105
3542,-227.913
3543,-171.556
3544,-191.141
3545,-214.946
3546,-277.092
3547,-187.446
3548,-243.691
3549,-248.786
3550,-224.85
3551,-145.683
3552,-189.73
3553,-295.501
3554,-212.069
3555,-250.675
3556,-209.238
3557,-230.475
3558,-214.018
3559,-212.057
3560,-228.623
3561,-271.691
3562,-198.92
3563,-144.907
3564,-198.266
3565,-305.495
3566,-314.488
3567,-185.775
3568,-79.0518
3569,-215.26
3570,-284.833
3571,-289.042
3572,-177.456
3573,-178.772
3574,-299.655
3575,-248.477
3576,-191.31
3577,-158.024
3578,-340.854
3579,-275.567
3580,-279.652
3581,-210.912
3582,-198.041
3583,-257.893
3584,-283.662
3585,-243.048
3586,-208.83
3587,-278.176
3588,-197.271
3589,-291.841
3590,-268.41
3591,-247.844
3592,-223.068
3593,-184.936
3594,-224.548
3595,-191.029
3596,-271.748
3597,-302.397
3598,-249.464
3599,-186.164
3600,-289.503
3601,-223.673
3602,-214.859
3603,-237.7
3604,-263.439
3605,-284.559
3606,-264.592
3607,-207.821
3608,-180.596
3609,-338.708
3610,-348.313
3611,-201.458
3612,-218.256
3613,-268.611
3614,-234.141
3615,-286.549
3616,-267.477
3617,-229.937
3618,-142.011
3619,-266.098
3620,-316.834
3621,-264.882
3622,-204.228
3623,-243.189
3624,-292.283
3625,-246.344
3626,-226.354
3627,-165.003
3628,-342.481
3629,-287.462
3630,-280.69
3631,-150.495
3632,-243.194
3633,-318.603
3634,-267.134
3635,-290.865
3636,-248.854
3637,-213.319
3638,-233.171
3639,-272.938
3640,-225.807
3641,-311.027
3642,-241.534
3643,-202.491
3644,-252.072
3645,-316.842
3646,-316.598
3647,-245.359
3648,-258.985
3649,-190.418
3650,-300.051
3651,-342.21
3652,-179.686
3653,-208.431
3654,-351.62
3655,-359.111
3656,-173.665
3657,-167.64
3658,-372.935
3659,-345.795
3660,-251.672
3661,-217.773
3662,-279.522
3663,-295.712
3664,-252.28
3665,-279.922
3666,-267.032
3667,-318.251
3668,-203.478
3669,-242.041
3670,-247.137
3671,-341.9
3672,-275.649
3673,-259.538
3674,-226.999
3675,-259.618
3676,-272.869
3677,-229.089
3678,-253.666
3679,-282.244
3680,-342.942
3681,-229.246
3682,-251.77
3683,-228.509
3684,-295.612
3685,-316.973
3686,-255.933
3687,-225.976
3688,-184.502
3689,-320.672
3690,-293.068
3691,-230.653
3692,-234.774
3693,-207.737
3694,-239.275
3695,-299.508
3696,-295.447
3697,-228.313
3698,-248.09
3699,-284.125
3700,-261.562
3701,-195.94
3702,-257.756
3703,-366.451
3704,-239.367
3705,-328.418
3706,-248.265
3707,-199.094
3708,-267.149
3709,-285.492
3710,-283.809
3711,-217.391
3712,-326.269
3713,-257.308
3714,-217.457
3715,-344.737
3716,-300.929
3717,-206.687
3718,-140.986
3719,-240.582
3720,-273.283
3721,-347.646
3722,-279.834
3723,-226.75
3724,-195.21
3725,-318.144
3726,-216.29
3727,-192.139
3728,-302.052
3729,-297.261
3730,-328.133
3731,-252.613
3732,-258.059
3733,-191.05
3734,-362.106
3735,-318.729
3736,-214.51
3737,-206.378
3738,-303.245
3739,-354.189
3740,-245.586
3741,-230.758
3742,-241.25
3743,-274.551
3744,-269.111
3745,-253.586
3746,-308.54
3747,-328.104
3748,-234.615
3749,-252.414
3750,-240.973
3751,-285.472
3752,-234.213
3753,-305.333
3754,-252.077
3755,-258.984
3756,-288.674
3757,-291.906
3758,-250.481
3759,-259.706
3760,-381.598
3761,-243.227
3762,-184.595
3763,-216.932
3764,-364.737
3765,-294.786
3766,-298.094
3767,-239.559
3768,-166.695
3769,-325.719
3770,-330.296
3771,-244.025
3772,-227.238
3773,-359.581
3774,-237.973
3775,-273.4
3776,-275.17
3777,-283.897
3778,-251.88
3779,-274.373
3780,-319.156
3781,-242.613
3782,-297.567
3783,-270.743
3784,-259.301
3785,-309.147
3786,-281.61
3787,-240.358
3788,-268.696
3789,-225.768
3790,-319.437
3791,-249.859
3792,-270.414
3793,-191.544
3794,-238.271
3795,-376.861
3796,-356.593
3797,-210.136
3798,-204.324
3799,-333.372
3800,-286.075
3801,-249.683
3802,-224.353
3803,-296.469
3804,-247.802
3805,-310.863
3806,-269.904
3807,-231.871
3808,-235.182
3809,-271.76
3810,-357.083
3811,-263.243
3812,-150.458
3813,-176.769
3814,-404.476
3815,-298.817
3816,-191.804
3817,-200.58
3818,-301.632
3819,-289.773
3820,-180.073
3821,-302.555
3822,-260.832
3823,-217.699
3824,-237.028
3825,-277.169
3826,-215.907
3827,-248.727
3828,-338.39
3829,-218.724
3830,-262.984
3831,-315.371
3832,-296.568
3833,-155.52
3834,-234.813
3835,-321.439
3836,-266.335
3837,-296.848
3838,-203.461
3839,-226.531
3840,-387.36
3841,-278.887
3842,-187.585
3843,-87.6804
3844,-312.517
3845,-335.45
3846,-272.439
3847,-190.695
3848,-249.541
3849,-321.665
3850,-274.532
3851,-153.542
3852,-188.182
3853,-372.105
3854,-243.807
3855,-261.74
3856,-185.458
3857,-298.121
3858,-238.566
3859,-281.385
3860,-238.934
3861,-228.204
3862,-348.191
3863,-255.822
3864,-200.072
3865,-288.337
3866,-322.009
3867,-174.073
3868,-177.247
3869,-242.901
3870,-298.161
3871,-286.059
3872,-257.813
3873,-223.063
3874,-183.242
3875,-251.238
3876,-297.294
3877,-155
3878,-253.998
3879,-295.611
3880,-241.699
3881,-250.998
3882,-217.714
3883,-250.037
3884,-243.165
3885,-366.281
3886,-250.984
3887,-154.181
3888,-248.637
3889,-301.575
3890,-257.744
3891,-240.023
3892,-274.655
3893,-130.064
3894,-284.885
3895,-244.913
3896,-257.29
3897,-212.282
3898,-282.756
3899,-233.257
3900,-229.142
3901,-258.949
3902,-195.543
3903,-235.906
3904,-253.759
3905,-291.962
3906,-163.507
3907,-285.412
3908,-220.204
3909,-235.285
3910,-220.663
3911,-271.961
3912,-247.475
3913,-149.377
3914,-190.581
3915,-308.427
3916,-300.559
3917,-155.304
3918,-97.1305
3919,-229.412
3920,-339.704
3921,-245.22
3922,-171.911
3923,-188.355
3924,-292.302
3925,-295.542
3926,-184.873
3927,-156.588
3928,-202.855
3929,-335.175
3930,-272.229
3931,-160.778
3932,-198.42
3933,-302.471
3934,-215.426
3935,-203.658
3936,-208.386
3937,-189.716
3938,-151.22
3939,-234.766
3940,-229.338
3941,-147.82
3942,-257.659
3943,-218.986
3944,-143.87
3945,-161.437
3946,-315.128
3947,-175.906
3948,-157.036
3949,-158.673
3950,-273.041
3951,-199.241
3952,-152.602
3953,-286.919
3954,-189.813
3955,-348.647
3956,-193.417
3957,-131.537
3958,-162.519
3959,-303.782
3960,-212.92
3961,-165.109
3962,-249.279
3963,-210.26
3964,-155.767
3965,-233.391
3966,-251.942
3967,-149.729
3968,-81.74
3969,-199.269
3970,-264.007
3971,-183.861
3972,-137.091
3973,-210.698
3974,-243.046
3975,-172.241
3976,-104.434
3977,-177.64
3978,-240.917
3979,-167.842
3980,-207.364
3981,-229.133
3982,-182.362
3983,-107.705
3984,-252.079
3985,-279.175
3986,-144.505
3987,-181.101
3988,-164.506
3989,-209.047
3990,-155.456
3991,-199.448
3992,-183.777
3993,-131.669
3994,-169.362
3995,-205.337
3996,-269.525
3997,-175.833
3998,-76.6328
3999,-150.033
4000,-237.563
4001,-122.271
4002,-47.1208
4003,-181.439
4004,-293.892
4005,-222.906
4006,-106.391
4007,-165.01
4008,-159.694
4009,-154.255
4010,-277.818
4011,-169.982
4012,-69.2646
4013,-170.892
4014,-210.401
4015,-169.966
4016,-92.4934
4017,-195.145
4018,-172.66
4019,-155.369
4020,-129.975
4021,-189.304
4022,-194.717
4023,-196.552
4024,-71.9912
4025,-143.417
4026,-224.524
4027,-131.922
4028,-91.2341
4029,-132.035
4030,-331.057
4031,-167.479
4032,-63.783
4033,-73.3003
4034,-198.518
4035,-285.641
4036,-130.462
4037,-49.1506
4038,-119.982
4039,-213.577
4040,-124.745
4041,-149.448
4042,-139.907
4043,-85.8408
4044,-127.488
4045,-185.909
4046,-175.751
4047,-124.183
4048,-191.433
4049,-163.237
4050,-129.124
4051,-100.307
4052,-159.032
4053,-121.783
4054,-201.102
4055,-182.869
4056,-121.106
4057,-100.29
4058,-161.75
4059,-123.026
4060,-105.992
4061,-174.734
4062,-113.131
4063,-47.0259
4064,-97.3013
4065,-160.742
4066,-119.087
4067,-106.015
4068,-45.999
4069,-120.407
4070,-113.839
4071,-172.135
4072,-131.31
4073,-82.3081
4074,-103.409
4075,-130.757
4076,-116.254
4077,-101.225
4078,-176.219
4079,-59.772
4080,-268.115
4081,-133.817
4082,-33.2178
4083,-62.4155
4084,-236.332
4085,-192.511
4086,-32.4248
4087,-93.9863
4088,-86.606
4089,-162.503
4090,-163.3
4091,-101.685
4092,-42.542
4093,-55.418
4094,-76.2666
4095,-91.3877
4096,-93.5659
4097,-175.363
4098,-138.124
4099,-29.0684
4100,-64.2598
4101,-77.0884
4102,-138.481
4103,-151.581
4104,-47.6011
4105,-117.361
4106,-167.024
4107,-65.3003
4108,-18.5493
4109,-131.015
4110,-220.437
4111,-87.5098
4112,-30.7393
4113,-39.6494
4114,-91.6797
4115,-191.317
4116,-130.157
4117,4.35059
4118,-10.4526
4119,-166.842
4120,-127.274
4121,-87.7617
4122,-21.7603
4123,-124.642
4124,-130.841
4125,-36.0015
4126,-7.03662
4127,-44.0034
4128,-182.523
4129,-113.755
4130,-113.91
4131,-71.1816
4132,-61.4111
4133,-113.676
4134,-149.52
4135,-67.2065
4136,-39.8125
4137,-64.5903
4138,-39.1631
4139,-70.4629
4140,-120.115
4141,-147.583
4142,-33.9355
4143,15.8384
4144,-123.515
4145,-110.646
4146,-51.9155
4147,-103.849
4148,-75.0249
4149,-1.74365
4150,-78.3145
4151,-185.618
4152,-29.71
4153,39.5078
4154,-116.12
4155,-187.462
4156,-11.1021
4157,-15.3027
4158,-75.0303
4159,-62.0337
4160,-130.708
4161,-61.5791
4162,-19.8589
4163,40.4512
4164,-81.4771
4165,-134.803
4166,-34.7534
4167,-19.3848
4168,-1.99414
4169,-93.561
4170,-92.4067
4171,-110.304
4172,-14.9038
4173,-111.995
4174,-69.7783
4175,13.4849
4176,24.4478
4177,-134.541
4178,-118.294
4179,24.2134
4180,-64.2344
4181,-105.473
4182,-74.7852
4183,15.396
4184,-18.6562
4185,-104.568
4186,-109.097
4187,48.0615
4188,57.3794
4189,-22.3037
4190,-168.587
4191,-123.11
4192,-21.7778
4193,78.7466
4194,-0.996582
4195,-89.1621
4196,-119.889
4197,35.5132
4198,56.3374
4199,-85.3975
4200,-52.731
4201,10.605
4202,72.8359
4203,-169.71
4204,-125.075
4205,-54.0029
4206,84.9185
4207,-25.6919
4208,-99.106
4209,-57.0933
4210,-7.81885
4211,12.5908
4212,-109.498
4213,89.2173
4214,-30.3066
4215,-55.2808
4216,-64.5527
4217,0.146484
4218,89.9834
4219,53.5474
4220,-4.79443
4221,-120.504
4222,-25.9258
4223,48.4487
4224,24.4224
4225,-95.3994
4226,22.6992
4227,3.91162
4228,-8.65674
4229,-63.9517
4230,-46.1201
4231,-0.485352
4232,22.5933
4233,54.8936
4234,-104.146
4235,-77.3501
4236,-6.93359
4237,67.0205
4238,26.4043
4239,-5.93604
4240,-125.38
4241,14.6392
4242,100.855
4243,71.5166
4244,-89.4595
4245,1.83496
4246,43.5771
4247,-40.2617
4248,-18.8149
4249,57.1196
4250,45.2935
4251,-41.5815
4252,53.6489
4253,-34.9302
4254,-48.6274
4255,-42.5205
4256,161.877
4257,7.97607
4258,-137.502
4259,17.9751
4260,87.6289
4261,17.5254
4262,-57.46
4263,42.7134
4264,81.2656
4265,-6.97266
4266,-146.215
4267,16.0908
4268,180.225
4269,32.8374
4270,-123.015
4271,-59.8911
4272,112.076
4273,38.728
4274,7.53369
4275,-20.6372
4276,37.6157
4277,61.6899
4278,35.2998
4279,-56.3374
4280,-25.0801
4281,44.5239
4282,81.9082
4283,-11.9795
4284,-60.375
4285,11.8232
4286,87.0547
4287,94.9233
4288,23.6353
4289,-2.82471
4290,30.5337
4291,21.9092
4292,-6.56299
4293,129.045
4294,86.9087
4295,57.5703
4296,-91.9043
4297,15.6299
4298,81.6401
4299,48.4639
4300,40.6548
4301,39.5391
4302,63.9077
4303,12.9272
4304,19.9927
4305,-6.83496
4306,87.4448
4307,18.6841
4308,75.8521
4309,23.7539
4310,-26.8638
4311,20.4229
4312,154.524
4313,154.686
4314,-51.3892
4315,-23.6665
4316,67.8047
4317,106.23
4318,76.8145
4319,103.848
4320,69.0728
4321,-26.8213
4322,64.7842
4323,117.494
4324,28.7554
4325,50.8008
4326,159.951
4327,52.2441
4328,-72.9414
4329,73.4053
4330,50.9995
4331,58.8037
4332,84.7295
4333,55.5005
4334,58.1284
4335,20.4321
4336,133.347
4337,35.958
4338,86.3555
4339,57.1235
4340,13.376
4341,63.6001
4342,97.5825
4343,152.646
4344,101.935
4345,68.2515
4346,-62.4268
4347,89.5991
4348,159.337
4349,132.73
4350,-38.9756
4351,39.6973
4352,174.792
4353,59.0024
4354,71.4282
4355,29.8271
4356,91.3071
4357,87.2681
4358,153.471
4359,-9.28125
4360,16.2227
4361,85.4912
4362,160.76
4363,32.8022
4364,53.4844
4365,76.0801
4366,93.1812
4367,137.848
4368,174.375
4369,60.6914
4370,27.5029
4371,55.0483
4372,75.0791
4373,99.6709
4374,149.137
4375,126.758
4376,27.0898
4377,95.0186
4378,95.8853
4379,93.1338
4380,58.959
4381,59.3369
4382,134.083
4383,140.915
4384,79.7593
4385,-58.2788
4386,157.55
4387,125.832
4388,127.382
4389,29.835
4390,25.9956
4391,49.2549
4392,140.215
4393,228.501
4394,15.7471
4395,12.3706
4396,105.342
4397,141.918
4398,20.874
4399,151.819
4400,102.494
4401,97.8232
4402,32.2837
4403,86.2681
4404,129.182
4405,21.0879
4406,125.711
4407,71.0527
4408,110.635
4409,62.375
4410,82.0513
4411,95.1514
4412,164.453
4413,105.067
4414,104.011
4415,92.4824
4416,131.843
4417,61.4321
4418,153.016
4419,206.721
4420,42.1592
4421,-30.3706
4422,119.242
4423,187.657
4424,74.4102
4425,95.4907
4426,147.76
4427,121.369
4428,66.6309
4429,120.508
4430,37.7847
4431,71.1743
4432,162.312
4433,178.611
4434,89.7207
4435,28.4458
4436,112.885
4437,190.446
4438,224.426
4439,-4.87256
4440,72.4077
4441,134.958
4442,173.914
4443,122.317
4444,91.0269
4445,147.458
4446,58.499
4447,119.798
4448,130.61
4449,157.515
4450,117.117
4451,156.442
4452,99.5039
4453,24.8433
4454,125.149
4455,111.368
4456,138.185
4457,78.6133
4458,177.343
4459,144.91
4460,99.583
4461,104.604
4462,120.312
4463,243.728
4464,122.854
4465,-41.7974
4466,137.604
4467,221.165
4468,232.356
4469,81.3926
4470,77.7236
4471,101.029
4472,158.49
4473,162.636
4474,167.962
4475,69.4062
4476,172.535
4477,165.803
4478,29.6768
4479,122.106
4480,134.188
4481,179.017
4482,70.916
4483,160.086
4484,104.73
4485,91.6938
4486,127.75
4487,119.789
4488,134.726
4489,127.97
4490,129.781
4491,100.469
4492,208.648
4493,195.742
4494,111.711
4495,56.6196
4496,93.9893
4497,145.235
4498,170.786
4499,229.857
4500,108.055
4501,78.7466
4502,190.886
4503,173.431
4504,92.7808
4505,108.237
4506,144.484
4507,215.052
4508,99.1597
4509,138.989
4510,59.5713
4511,133.509
4512,219.87
4513,144.494
4514,81.7178
4515,114.642
4516,128.413
4517,155.833
4518,234.122
4519,107.688
4520,109.996
4521,113.24
4522,195.878
4523,81.8345
4524,123.338
4525,174.501
4526,177.251
4527,138.849
4528,115.434
4529,134.271
4530,118.466
4531,168.626
4532,74.9375
4533,193.289
4534,149.789
4535,144.874
4536,81.1035
4537,147.016
4538,244.987
4539,168.709
4540,109.632
4541,63.7754
4542,161.04
4543,273.131
4544,176.93
4545,-7.4458
4546,160.823
4547,209.678
4548,210.021
4549,111.388
4550,131.626
4551,200.282
4552,176.398
4553,177.216
4554,70.3152
4555,41.5034
4556,197.941
4557,229.86
4558,115.369
4559,130.966
4560,118.349
4561,204.391
4562,158.349
4563,201.624
4564,144.876
4565,114.246
4566,199.588
4567,139.351
4568,196.775
4569,183.945
4570,214.33
4571,61.749
4572,148.766
4573,175.979
4574,248.123
4575,97.0237
4576,193.942
4577,214.13
4578,99.3162
4579,163.125
4580,67.0496
4581,148.115
4582,192.245
4583,235.996
4584,70.4766
4585,108.377
4586,232.542
4587,202.574
4588,182.804
4589,149.248
4590,74.1064
4591,146.042
4592,261.101
4593,235.786
4594,159.303
4595,122.07
4596,143.122
4597,169.352
4598,166.89
4599,218.576
4600,161.355
4601,152.622
4602,206.139
4603,145.707
4604,114.914
4605,152.826
4606,204.432
4607,183.724
4608,189.809
4609,96.646
4610,78.4507
4611,224.314
4612,130.629
4613,182.274
4614,214.502
4615,193.879
4616,57.1716
4617,165.946
4618,299.015
4619,177.767
4620,172.412
4621,97.7751
4622,152.083
4623,206.166
4624,259.173
4625,135.99
4626,172.143
4627,247.263
4628,213.501
4629,80.7339
4630,97.1797
4631,232.878
4632,223.295
4633,179.725
4634,119.163
4635,76.9543
4636,206.939
4637,268.398
4638,139.078
4639,141.11
4640,158.778
4641,194.069
4642,120.244
4643,174.915
4644,214.17
4645,193.584
4646,111.458
4647,117.201
4648,154.71
4649,253.522
4650,171.379
4651,57.9883
4652,225.375
4653,254.409
4654,159.793
4655,-8.07764
4656,202.518
4657,263.051
4658,190.764
4659,129.203
4660,136.169
4661,173.159
4662,205.383
4663,243.156
4664,168.315
4665,145.17
4666,86.1631
4667,259.034
4668,245.62
4669,164.712
4670,141.288
4671,140.087
4672,210.768
4673,154.019
4674,212.232
4675,176.833
4676,197.004
4677,171.013
4678,173.998
4679,68.9697
4680,129.142
4681,220.319
4682,247.295
4683,115.825
4684,133.975
4685,202.369
4686,139.765
4687,159.282
4688,258.819
4689,199.765
4690,129.224
4691,156.81
4692,148.111
4693,265.61
4694,199.041
4695,194.705
4696,46.8833
4697,180.498
4698,264.028
4699,196.633
4700,116.978
4701,225.848
4702,195.936
4703,8.08862
4704,162.677
4705,100.208
4706,213.01
4707,209.164
4708,232.121
4709,63.0563
4710,69.4744
4711,248.988
4712,152.569
4713,204.998
4714,129.279
4715,86.9192
4716,126.604
4717,247.082
4718,248.657
4719,182.208
4720,154.319
4721,154.557
4722,129.832
4723,120.16
4724,252.755
4725,214.735
4726,165.555
4727,64.0796
4728,192.914
4729,201.705
4730,121.921
4731,123.589
4732,208.94
4733,221.379
4734,133.336
4735,39.5193
4736,135.022
4737,224.373
4738,229.071
4739,204.437
4740,68.8317
4741,70.3014
4742,249.446
4743,266.338
4744,105.31
4745,144.383
4746,132.588
4747,223.69
4748,146.883
4749,172.812
4750,158.903
4751,185.135
4752,212.664
4753,98.6833
4754,129.724
4755,166.115
4756,188.788
4757,136.247
4758,199.649
4759,118.934
4760,78.9215
4761,143.991
4762,247.681
4763,193.574
4764,121.724
4765,179.143
4766,72.1906
4767,137.939
4768,279.222
4769,216.741
4770,75.2539
4771,87.2823
4772,157.51
4773,193.004
4774,207.908
4775,151.871
4776,153.743
4777,151.136
4778,207.769
4779,135.981
4780,51.9282
4781,201.253
4782,205.5
4783,175.326
4784,121.847
4785,74.6443
4786,214.975
4787,203.902
4788,228.786
4789,93.5871
4790,50.4271
4791,203.696
4792,191.503
4793,205.685
4794,152.779
4795,151.501
4796,118.87
4797,148.777
4798,79.4334
4799,200.701
4800,213.565
4801,202.623
4802,46.5395
4803,81.1214
4804,173.661
4805,140.88
4806,138.312
4807,135.612
4808,198.192
4809,158.066
4810,105.122
4811,89.5675
4812,232.213
4813,229.533
4814,193.759
4815,59.2127
4816,98.1848
4817,187.47
4818,271.13
4819,196.814
4820,71.0645
4821,8.65829
4822,196.317
4823,237.328
4824,124.491
4825,123.177
4826,225.716
4827,218.169
4828,-60.2388
4829,122.507
4830,141.448
4831,144.962
4832,167.391
4833,154.087
4834,97.9593
4835,136.273
4836,182.978
4837,114.179
4838,196.609
4839,159.96
4840,120.794
4841,72.6241
4842,171.059
4843,276.479
4844,186.732
4845,87.6001
4846,33.338
4847,152.454
4848,198.746
4849,221.237
4850,91.4504
4851,200.001
4852,120.907
4853,163.213
4854,107.042
4855,131.045
4856,135.729
4857,145.49
4858,209.801
4859,47.3662
4860,26.4624
4861,125.46
4862,184.031
4863,181.375
4864,122.885
4865,21.7786
4866,109.392
4867,173.154
4868,227.384
4869,30.4315
4870,72.5627
4871,168.315
4872,120.956
4873,124.052
4874,162.027
4875,182.493
4876,94.8889
4877,110.433
4878,107.775
4879,130.856
4880,114.49
4881,201.445
4882,118.169
4883,120.154
4884,120.661
4885,70.9362
4886,132.292
4887,166.439
4888,184.08
4889,126.351
4890,126.457
4891,1.27051
4892,143.592
4893,307.247
4894,202.375
4895,-0.633179
4896,-12.9061
4897,256.736
4898,194.088
4899,135.951
4900,86.0106
4901,125.944
4902,114.121
4903,103.445
4904,123.292
4905,115.181
4906,148.594
4907,146.536
4908,93.7411
4909,59.239
4910,108.086
4911,193.886
4912,195.853
4913,102.745
4914,77.1536
4915,123.233
4916,107.051
4917,74.2821
4918,235.591
4919,161.905
4920,112.111
4921,-11.6958
4922,134.644
4923,134.426
4924,166.378
4925,153.137
4926,51.2374
4927,79.1589
4928,160.091
4929,90.4052
4930,14.6678
4931,150.921
4932,163.692
4933,181.427
4934,52.1495
4935,73.2421
4936,113.445
4937,155.445
4938,227.248
4939,51.9821
4940,-15.817
4941,101.948
4942,208.416
4943,124.818
4944,83.4047
4945,84.3733
4946,75.7982
4947,113.045
4948,146.001
4949,116.081
4950,111.37
4951,142.081
4952,136.345
4953,7.79346
4954,62.4803
4955,64.7319
4956,130.464
4957,145.714
4958,75.498
4959,102.43
4960,112.005
4961,189.606
4962,44.2264
4963,92.6483
4964,150.15
4965,82.7615
4966,70.1383
4967,126.219
4968,264.833
4969,143.079
4970,61.4686
4971,-48.2534
4972,145.203
4973,171.784
4974,186.803
4975,18.1919
4976,107.471
4977,114.189
4978,103.406
4979,114.303
4980,50.0952
4981,63.9763
4982,134.666
4983,194.331
4984,-20.0168
4985,2.52185
4986,115.254
4987,198.572
4988,80.9072
4989,7.47266
4990,47.9165
4991,84.4062
4992,163.206
4993,130.675
4994,26.072
4995,65.385
4996,87.241
4997,14.9897
4998,110.805
4999,193.318
5000,177.1
5001,-3.71191
5002,37.584
5003,113.956
5004,91.592
5005,82.0691
5006,48.5427
5007,114.989
5008,81.0464
5009,36.6628
5010,-7.88403
5011,118.319
5012,127.754
5013,121.041
5014,15.0979
5015,77.8685
5016,59.3149
5017,79.25
5018,185.546
5019,56.5137
5020,22.1223
5021,5.60669
5022,108.999
5023,87.1047
5024,141.064
5025,-19.7932
5026,50.9619
5027,102.067
5028,97.5874
5029,43.4978
5030,23.8496
5031,113.46
5032,46.2764
5033,39.781
5034,91.5288
5035,49.5801
5036,41.4988
5037,152.113
5038,102.483
5039,58.02
5040,34.9302
5041,93.3328
5042,55.7654
5043,86.6387
5044,114.482
5045,42.156
5046,-10.9644
5047,68.741
5048,106.419
5049,74.5688
5050,39.248
5051,69.7405
5052,85.5742
5053,44.7131
5054,51.4983
5055,-13.5681
5056,51.9587
5057,91.5459
5058,93.0925
5059,37.1904
5060,-20.9114
5061,40.196
5062,129.149
5063,157.974
5064,-18.7534
5065,36.9106
5066,82.2144
5067,79.7417
5068,94.9753
5069,46.3938
5070,61.7412
5071,-0.0625
5072,112.2
5073,19.8452
5074,72.8982
5075,51.9683
5076,92.2495
5077,-7.36572
5078,-15.7126
5079,109.063
5080,33.7068
5081,-16.9443
5082,51.3452
5083,111.244
5084,28.593
5085,28.8569
5086,38.9387
5087,1.13306
5088,121.564
5089,102.402
5090,-85.5862
5091,17.1755
5092,123.692
5093,190.454
5094,-15.3176
5095,15.5718
5096,-5.05103
5097,60.5657
5098,74.5261
5099,91.3323
5100,-1.96753
5101,85.4587
5102,62.9009
5103,-22.2268
5104,45.2788
5105,8.70312
5106,70.738
5107,1.4292
5108,92.7961
5109,-16.4785
5110,-20.5432
5111,72.1042
5112,57.9519
5113,34.1599
5114,19.6409
5115,18.0515
5116,-34.9895
5117,88.1272
5118,104.404
5119,44.6858
5120,-27.479
5121,-11.1489
5122,12.4275
5123,84.3857
5124,121.166
5125,23.6494
5126,-12.9585
5127,28.0715
5128,64.4248
5129,-17.8162
5130,7.49976
5131,20.9744
5132,81.5801
5133,-22.9966
5134,32.0903
5135,-44.9414
5136,12.5625
5137,47.3691
5138,36.563
5139,19.2368
5140,-14.511
5141,-5.78809
5142,42.7942
5143,117.307
5144,-59.074
5145,31.7151
5146,1.10278
5147,19.1489
5148,-30.6394
5149,91.415
5150,17.4802
5151,-38.2344
5152,42.1245
5153,52.3647
5154,-28.9968
5155,-52.8425
5156,87.5481
5157,-18.9861
5158,3.47363
5159,23.0527
5160,44.3403
5161,-51.5813
5162,-40.2505
5163,102.034
5164,66.6799
5165,-16.8774
5166,-62.4224
5167,4.65063
5168,123.146
5169,44.2769
5170,-138.462
5171,-17.1665
5172,102.942
5173,42.2922
5174,-40.4973
5175,-38.8081
5176,51.1104
5177,-34.9302
5178,24.4714
5179,-17.3545
5180,-67.4006
5181,-7.89673
5182,71.4983
5183,30.8799
5184,-36.3499
5185,-10.5552
5186,59.1697
5187,-25.3633
5188,20.4006
5189,23.9373
5190,44.0203
5191,-1.01245
5192,-81.4412
5193,84.1404
5194,38.6316
5195,-0.953125
5196,-126.389
5197,82.3228
5198,17.625
5199,41.3638
5200,-51.1687
5201,53.1423
5202,-9.57739
5203,-63.3386
5204,31.2534
5205,-96.9912
5206,-31.7185
5207,48.1235
5208,45.4194
5209,-91.1592
5210,-25.2996
5211,-25.4761
5212,-4.54956
5213,46.2959
5214,47.0684
5215,-81.1812
5216,-83.8149
5217,36.2891
5218,106.213
5219,-22.543
5220,-76.7629
5221,-66.0208
5222,0.301758
5223,6.59277
5224,7.52319
5225,6.32642
5226,20.3589
5227,-28.5977
5228,-89.1208
5229,-52.8423
5230,34.6562
5231,-47.6108
5232,-26.6758
5233,49.5298
5234,-60.6335
5235,-88.5674
5236,-1.11328
5237,-28.0005
5238,10.8022
5239,8.81274
5240,23.7827
5241,-104.691
5242,-31.2825
5243,48.7251
5244,16.4397
5245,-11.7922
5246,-122.409
5247,-25.397
5248,7.5481
5249,63.9209
5250,-65.7876
5251,-20.5542
5252,-39.0059
5253,-4.92944
5254,-54.0886
5255,-115.741
5256,1.0188
5257,53.1833
5258,-13.0769
5259,-98.1978
5260,-138.968
5261,16.4048
5262,50.8005
5263,-61.125
5264,-4.47705
5265,-27.259
5266,-15.9851
5267,-94.2446
5268,31.2693
5269,8.2998
5270,-8.68506
5271,-73.96
5272,-53.5835
5273,-30.0239
5274,95.1267
5275,-29.1396
5276,-140.18
5277,0.292725
5278,14.0398
5279,-36.3284
5280,-129.348
5281,8.73364
5282,-4.58789
5283,-35.2798
5284,-38.7661
5285,-93.9265
5286,-62.5593
5287,-20.053
5288,31.5442
5289,-26.1523
5290,-45.2241
5291,-99.9219
5292,-48.7498
5293,35.9326
5294,33.49
5295,-115.611
5296,-175.875
5297,41.3228
5298,-15.0474
5299,-42.8926
5300,-87.4331
5301,-28.925
5302,-59.249
5303,-6.66553
5304,-76.29
5305,-53.7256
5306,-73.2529
5307,-16.7212
5308,-47.0388
5309,-105.82
5310,-86.2048
5311,-30.1077
5312,14.5063
5313,-3.50928
5314,-72.876
5315,-73.9512
5316,-55.9136
5317,-119.93
5318,39.9333
5319,15.4932
5320,-44.0605
5321,-221.696
5322,-79.3008
5323,25.5339
5324,23.0542
5325,-120.979
5326,-78.5916
5327,-59.696
5328,-141.48
5329,-18.5291
5330,-140.607
5331,-4.18091
5332,-38.5493
5333,-29.0466
5334,-109.342
5335,-98.7239
5336,-51.9202
5337,-68.1704
5338,59.2227
5339,-40.6506
5340,-180.478
5341,-132.488
5342,21.0469
5343,24.9336
5344,-68.3892
5345,-106.07
5346,-102.529
5347,-67.9333
5348,-99.6257
5349,-7.99609
5350,-70.928
5351,16.3911
5352,-127.352
5353,-122.624
5354,-37.4692
5355,-56.9685
5356,-118.843
5357,-55.5496
5358,-4.03882
5359,-99.9771
5360,-162.678
5361,-56.9871
5362,-27.7214
5363,-38.7109
5364,-32.3381
5365,-111.182
5366,-146.683
5367,-14.0435
5368,39.3215
5369,-89.9414
5370,-64.9653
5371,-162.32
5372,-95.5505
5373,-67.1421
5374,22.8667
5375,-86.1035
5376,-101.771
5377,-13.5178
5378,-66.5593
5379,-132.66
5380,-119.767
5381,-29.1714
5382,-54.9004
5383,-88.5203
5384,-105.338
5385,-118.124
5386,-100.305
5387,-3.25122
5388,-12.6946
5389,-98.2639
5390,-146.767
5391,-103.373
5392,-70.0347
5393,4.22046
5394,-61.8113
5395,-97.7593
5396,-157.655
5397,-100.173
5398,-67.8589
5399,11.7224
5400,-69.9753
5401,-160.826
5402,-100.296
5403,-60.6558
5404,-91.6641
5405,-91.6628
5406,-94.1001
5407,-150.509
5408,-36.7131
5409,-23.7825
5410,-180.354
5411,-118.052
5412,-16.0002
5413,83.616
5414,-123.605
5415,-238.029
5416,-109.255
5417,-27.8457
5418,28.1709
5419,-109.383
5420,-123.276
5421,-121.182
5422,-43.1179
5423,-131.37
5424,-8.93945
5425,-66.7302
5426,-77.7847
5427,-185.82
5428,-90.5488
5429,-73.9661
5430,-108.36
5431,-65.8525
5432,-85.2397
5433,-99.769
5434,-96.2197
5435,-96.9224
5436,-119.707
5437,-26.2271
5438,9.78101
5439,-74.1067
5440,-215.156
5441,-140.996
5442,-18.3884
5443,-18.9497
5444,-83.6047
5445,-130.75
5446,-200.488
5447,-63.7654
5448,-4.73389
5449,-55.2256
5450,-99.8804
5451,-103.154
5452,-99.7644
5453,-208.465
5454,-53.0015
5455,-109.803
5456,-92.4309
5457,-77.7329
5458,-53.8296
5459,-139.951
5460,-114.887
5461,-31.5425
5462,-106.277
5463,-22.6641
5464,-139.601
5465,-137.047
5466,-115.736
5467,-72.6045
5468,-42.302
5469,-105.957
5470,-59.1816
5471,-200.563
5472,-145.124
5473,-63.2629
5474,-14.9021
5475,-161.804
5476,-61.4592
5477,-167.941
5478,-58.0623
5479,-75.3442
5480,-109.239
5481,-162.517
5482,-113.905
5483,-5.92871
5484,-168.754
5485,-119.197
5486,-94.2085
5487,-66.5747
5488,-83.5559
5489,-54.6157
5490,-211.696
5491,-182.785
5492,-8.03687
5493,31.1829
5494,-138.033
5495,-149.624
5496,-129.481
5497,-89.9871
5498,-34.4644
5499,-25.7129
5500,-110.114
5501,-115.333
5502,-50.2065
5503,-127.166
5504,-142.066
5505,-96.5637
5506,-16.7593
5507,-105.161
5508,-194.437
5509,-75.4116
5510,-129.323
5511,-90.2991
5512,-54.9885
5513,-79.687
5514,-122.883
5515,-80.2604
5516,-179.409
5517,-122.877
5518,-12.8499
5519,-38.1753
5520,-161.328
5521,-254.897
5522,-88.9558
5523,-4.75806
5524,-41.2814
5525,-191.441
5526,-148.192
5527,-66.679
5528,-75.7234
5529,-161.985
5530,-86.5461
5531,-99.2368
5532,-127.499
5533,-116.365
5534,-124.632
5535,-129.918
5536,-104.188
5537,-29.5161
5538,-63.3689
5539,-159.619
5540,-106.253
5541,-109.715
5542,-168.486
5543,2.65869
5544,-63.6758
5545,-155.294
5546,-237.401
5547,-71.4952
5548,-50.6648
5549,-42.1567
5550,-124.095
5551,-85.0349
5552,-144.787
5553,-62.4548
5554,-120.839
5555,-157.63
5556,-47.6887
5557,-127.223
5558,-115.945
5559,-141.051
5560,-99.0439
5561,-133.151
5562,-58.7249
5563,-4.05286
5564,-140.233
5565,-184.305
5566,-117.939
5567,-41.958
5568,-63.6006
5569,-94.1569
5570,-138.062
5571,-192.09
5572,-110.289
5573,-37.5588
5574,-54.6301
5575,-193.531
5576,-53.2423
5577,-74.1633
5578,-186.953
5579,-110.978
5580,-139.393
5581,-126.755
5582,-60.7246
5583,-146.335
5584,-139.268
5585,-94.7808
5586,-40.8789
5587,-191.602
5588,-93.817
5589,-36.4425
5590,-162.692
5591,-177.755
5592,-92.4664
5593,43.3243
5594,-78.0314
5595,-136.285
5596,-254.696
5597,-101.311
5598,-61.9017
5599,-28.3793
5600,-192.388
5601,-119.475
5602,-121.66
5603,-109.68
5604,-62.9884
5605,-170.437
5606,-159.793
5607,-61.1594
5608,-28.9878
5609,-282.377
5610,-179.942
5611,-64.8644
5612,-45.5638
5613,-146.477
5614,-148.71
5615,-132.905
5616,-156.137
5617,-25.6656
5618,-45.9719
5619,-154.437
5620,-148.688
5621,-149.053
5622,-118.728
5623,-64.4102
5624,-75.0443
5625,-87.3807
5626,-125.782
5627,-135.939
5628,-162.393
5629,-102.68
5630,-42.8427
5631,-155.094
5632,-181.675
5633,-73.0032
5634,-74.1051
5635,-286.928
5636,-101.433
5637,-9.75513
5638,-46.0266
5639,-207.971
5640,-140.057
5641,-102.971
5642,-131.867
5643,-31.7103
5644,-112.398
5645,-123.913
5646,-222.482
5647,-119.645
5648,-91.8091
5649,11.5243
5650,-217.39
5651,-154.467
5652,-95.1997
5653,-100.331
5654,-178.421
5655,-155.374
5656,-43.9957
5657,-179.791
5658,-142.819
5659,-88.9926
5660,-126.504
5661,-178.866
5662,-47.0911
5663,-86.1021
5664,-136.546
5665,-143.057
5666,-97.3505
5667,-125.521
5668,-108.323
5669,-101.038
5670,-121.015
5671,-172.141
5672,-132.217
5673,-109.267
5674,-8.8949
5675,-88.1352
5676,-236.338
5677,-191.296
5678,-6.94507
5679,-72.3542
5680,-256.434
5681,-173.401
5682,-60.0134
5683,-104.115
5684,-142.222
5685,-145.374
5686,-122.051
5687,-102.298
5688,-9.43585
5689,-119.917
5690,-172.908
5691,-173.576
5692,-42.67
5693,-74.6703
5694,-156.268
5695,-116.633
5696,-163.121
5697,-51.446
5698,-124.319
5699,-85.6623
5700,-107.322
5701,-71.0207
5702,-180.316
5703,-149.584
5704,-54.8845
5705,-129.335
5706,-157.111
5707,-94.853
5708,-112.281
5709,-133.631
5710,-112.478
5711,-121.64
5712,-166.766
5713,-42.2955
5714,-61.4251
5715,-189.357
5716,-141.059
5717,-92.8452
5718,97.303
5719,-93.1635
5720,-201.65
5721,-204.403
5722,-7.05505
5723,-48.6876
5724,-137.309
5725,-133.609
5726,-13.9302
5727,-143.388
5728,-200.478
5729,-40.2121
5730,-108.106
5731,-148.499
5732,-90.0035
5733,-4.21439
5734,-217.799
5735,-190.828
5736,-59.21
5737,-82.49
5738,-92.7455
5739,-71.8709
5740,-126.89
5741,-197.994
5742,7.2352
5743,-52.6465
5744,-149.855
5745,-126.182
5746,-112.266
5747,-170.856
5748,-142.11
5749,53.2178
5750,-59.4863
5751,-186.322
5752,-112.103
5753,-65.6878
5754,-119.583
5755,-81.4132
5756,-128.707
5757,-112.517
5758,-135.324
5759,-45.2821
5760,-166.954
5761,-171.272
5762,-85.9547
5763,-12.4597
5764,-94.2773
5765,-185.149
5766,-140.387
5767,-76.7689
5768,17.243
5769,-161.377
5770,-111.92
5771,-149.36
5772,-73.1115
5773,-137.49
5774,-46.701
5775,-117.665
5776,-117.302
5777,-105.255
5778,-110.448
5779,-125.385
5780,-107.152
5781,-59.7512
5782,-160.394
5783,-59.2647
5784,-105.057
5785,-114.74
5786,-148.199
5787,-66.423
5788,-54.0057
5789,-59.7484
5790,-80.0751
5791,-180.765
5792,-148.019
5793,35.48
5794,-28.739
5795,-253.314
5796,-153.821
5797,-11.9266
5798,-61.2642
5799,-127.271
5800,-119.317
5801,-74.6966
5802,-122.484
5803,-67.1205
5804,-141.144
5805,-177.776
5806,-52.6254
5807,-59.9817
5808,-182.013
5809,-89.9656
5810,-68.7078
5811,-115.68
5812,-114.563
5813,-13.2643
5814,-99.9298
5815,-133.109
5816,-60.3776
5817,-92.254
5818,-57.8047
5819,-59.2575
5820,-72.6369
5821,-232.872
5822,-87.965
5823,-56.8463
5824,32.1076
5825,-181.489
5826,-93.3434
5827,-94.4283
5828,-144.992
5829,-93.8391
5830,-135.721
5831,-95.0952
5832,-80.2306
5833,-80.6718
5834,-129.825
5835,-102.406
5836,-131.781
5837,-96.3302
5838,1.43066
5839,-58.7861
5840,-166.102
5841,-130.003
5842,-56.3674
5843,33.5372
5844,-38.4236
5845,-122.799
5846,-198.842
5847,-63.0585
5848,31.4743
5849,-58.2214
5850,-171.981
5851,-53.4373
5852,-30.276
5853,-157.441
5854,-151.245
5855,-67.7183
5856,-91.9619
5857,-58.5519
5858,-62.4814
5859,-179.733
5860,-114.705
5861,-44.6296
5862,-165.512
5863,-59.1317
5864,2.94745
5865,-63.6279
5866,-239.853
5867,-10.0653
5868,68.6022
5869,-133.204
5870,-108.155
5871,-136.922
5872,-60.9751
5873,-59.1641
5874,67.3243
5875,-80.9762
5876,-117.958
5877,-95.9185
5878,46.9755
5879,-138.827
5880,-194.432
5881,-63.8955
5882,13.241
5883,-56.6715
5884,-164.126
5885,-136.005
5886,-35.6119
5887,-35.1347
5888,-103.019
5889,-32.446
5890,-82.3868
5891,-132.427
5892,-141.748
5893,15.5654
5894,-120.297
5895,-102.721
5896,-97.3667
5897,-75.7183
5898,-93.2292
5899,-52.2168
5900,-74.2797
5901,-118.606
5902,-70.0443
5903,-85.322
5904,-71.5746
5905,-75.877
5906,-106.015
5907,-130.932
5908,4.44299
5909,-41.0352
5910,-184.246
5911,-117.507
5912,15.1678
5913,-22.2517
5914,-98.5909
5915,-40.4258
5916,-129.902
5917,-97.9954
5918,4.98596
5919,-27.922
5920,-140.762
5921,-195.102
5922,21.0835
5923,-67.4866
5924,-55.4244
5925,-93.7118
5926,-87.8265
5927,-134.653
5928,-24.418
5929,-113.117
5930,-120.151
5931,-57.104
5932,-44.5005
5933,-74.7333
5934,-120.766
5935,-73.7751
5936,-87.433
5937,-46.0663
5938,-16.1886
5939,-53.9119
5940,-111.336
5941,-88.7458
5942,-155.676
5943,23.6416
5944,-23.6866
5945,-55.2848
5946,-181.129
5947,-84.9249
5948,-37.5858
5949,7.35596
5950,-72.9421
5951,-132.804
5952,-133.695
