sample,welch_t
0,0.498527
1,0.682934
2,0.630204
3,-0.169985
4,0.0283512
5,1.14475
6,0.0944211
7,0.500587
8,-1.62214
9,1.15323
10,-0.721977
11,0.909015
12,0.0322828
13,1.10179
14,-0.819151
15,0.272827
16,0.317019
17,0.0290018
18,-0.638585
19,-0.654033
20,0.77568
21,1.91747
22,0.154389
23,-3.15414
24,-0.0123148
25,1.38293
26,0.731064
27,-0.638178
28,-0.477374
29,1.76076
30,-0.469176
31,-3.48284
32,-20.3441
33,-15.579
34,-3.39843
35,2.67088
36,-1.50683
37,-7.72439
38,-9.35157
39,-6.67221
40,-11.2839
41,-8.30444
42,-6.48543
43,-5.10919
44,-3.72971
45,-6.59903
46,-5.89151
47,-19.7553
48,-36.9902
49,-19.2644
50,-3.87728
51,0.100629
52,-8.01135
53,-21.3867
54,-17.8171
55,-13.9309
56,-18.2854
57,-16.0638
58,-13.485
59,-10.5777
60,-11.3822
61,-13.4658
62,-10.4054
63,-55.6138
64,-49.4071
65,-19.6971
66,-5.63433
67,-7.99254
68,-25.6057
69,-33.6655
70,-24.9586
71,-31.9006
72,-32.2605
73,-24.8446
74,-20.6769
75,-20.3854
76,-22.9137
77,-23.5349
78,-24.1177
79,-54.5427
80,-37.3104
81,-22.6605
82,-14.613
83,-17.8411
84,-33.7843
85,-33.4687
86,-26.6011
87,-32.0966
88,-31.1024
89,-25.4334
90,-22.8494
91,-22.2108
92,-24.757
93,-20.4212
94,-36.7682
95,-47.6032
96,-24.3767
97,-19.1127
98,-15.5123
99,-23.2058
100,-32.4886
101,-28.3054
102,-25.9056
103,-30.0493
104,-26.4196
105,-22.9634
106,-20.1535
107,-23.7301
108,-24.2842
109,-14.9952
110,-37.2368
111,-29.9685
112,-21.7132
113,-18.3523
114,-15.5357
115,-23.1079
116,-26.5675
117,-19.9776
118,-21.843
119,-21.8407
120,-21.1754
121,-17.3432
122,-16.1238
123,-18.4898
124,-18.894
125,-14.1686
126,-22.3526
127,-16.5595
128,-16.0123
129,-14.2793
130,-12.5688
131,-14.644
132,-14.3683
133,-14.5291
134,-14.9566
135,-12.9812
136,-11.5459
137,-11.2511
138,-12.6946
139,-12.0176
140,-6.59064
141,-14.4619
142,-16.2477
143,-10.2459
144,-8.40319
145,-7.61876
146,-9.24624
147,-9.68801
148,-10.6117
149,-10.0455
150,-7.7491
151,-9.36251
152,-8.23936
153,-6.57059
154,-5.40348
155,-7.49039
156,-5.8452
157,-14.031
158,-11.2051
159,-7.73972
160,-4.50423
161,-4.39448
162,-7.2052
163,-8.27731
164,-6.17451
165,-8.65396
166,-6.68902
167,-4.97226
168,-5.86961
169,-5.19085
170,-5.02968
171,-3.44774
172,-8.51395
173,-11.2691
174,-9.73799
175,-3.851
176,-0.777963
177,-3.76711
178,-7.32497
179,-5.54886
180,-4.36724
181,-4.49232
182,-4.76397
183,-5.18701
184,-2.92851
185,-2.44686
186,-2.07272
187,-3.62391
188,-10.3132
189,-9.63169
190,-4.85993
191,-0.467183
192,-1.56582
193,-5.5916
194,-5.19618
195,-1.78197
196,-5.04005
197,-4.02704
198,-2.8267
199,-2.29724
200,-3.18853
201,-2.81008
202,-0.572141
203,-4.23096
204,-8.48061
205,-7.41928
206,-2.13521
207,0.490549
208,-1.30422
209,-5.43626
210,-3.08558
211,-1.50442
212,-2.82026
213,-5.17357
214,-2.64273
215,-0.139933
216,-0.472934
217,-1.59776
218,-1.12288
219,-6.3931
220,-7.67159
221,-3.09235
222,-0.340624
223,0.376896
224,-2.46474
225,-1.65589
226,-2.54932
227,-1.71487
228,-3.0811
229,-0.300913
230,0.168161
231,-0.679425
232,-0.775613
233,-0.0610292
234,-1.00258
235,-7.78963
236,-4.51811
237,-1.30962
238,0.699536
239,0.621733
240,-1.34657
241,-2.48199
242,-1.869
243,-0.542144
244,-2.72708
245,-0.894005
246,1.92851
247,1.27292
248,-0.410294
249,-0.132509
250,-2.41115
251,-6.61643
252,-3.15148
253,0.910638
254,2.40911
255,1.05211
256,-1.16209
257,-1.68146
258,-1.54006
259,-1.62516
260,-0.451634
261,1.10955
262,1.85667
263,-1.19047
264,0.125185
265,2.96364
266,-4.11355
267,-8.34924
268,-2.69859
269,3.89779
270,3.39001
271,0.390164
272,-1.347
273,-0.943059
274,-1.73827
275,-0.139587
276,0.0580416
277,2.34747
278,1.12886
279,3.65987
280,0.873767
281,-0.296363
282,-6.51466
283,-4.67974
284,1.62371
285,2.79395
286,2.85607
287,0.619857
288,-0.675631
289,-0.656933
290,0.378215
291,1.53785
292,1.42747
293,0.818344
294,1.65584
295,2.32112
296,3.04686
297,-2.92748
298,-6.68933
299,-3.95804
300,3.54758
301,5.15323
302,1.09569
303,-0.310517
304,0.678512
305,0.765134
306,-0.73004
307,0.919975
308,2.26901
309,3.53189
310,3.53741
311,1.54914
312,0.612075
313,-4.27856
314,-5.09829
315,-0.294916
316,5.31546
317,4.54971
318,1.18141
319,-2.4106
320,1.77158
321,1.46082
322,1.01818
323,1.73425
324,1.46866
325,2.85738
326,3.03921
327,3.7698
328,-1.73148
329,-3.43692
330,-3.39731
331,2.61305
332,4.68903
333,4.03396
334,-0.0487627
335,0.568882
336,2.16057
337,0.0878616
338,0.342946
339,3.23458
340,4.20918
341,3.6093
342,2.93597
343,2.51238
344,-2.77028
345,-5.57805
346,0.220649
347,4.63303
348,4.80438
349,1.44069
350,0.898442
351,2.23437
352,1.86364
353,0.336911
354,2.99875
355,4.84096
356,2.2682
357,2.73704
358,4.87317
359,2.58368
360,-6.43223
361,-3.78251
362,3.91753
363,4.99943
364,3.76462
365,1.77896
366,1.96079
367,0.920441
368,1.29825
369,0.29944
370,4.37748
371,6.38338
372,4.72104
373,2.48853
374,2.7143
375,0.140813
376,-4.39705
377,-0.356853
378,3.72033
379,5.97913
380,4.44584
381,2.69749
382,0.588092
383,1.2649
384,3.43102
385,2.53917
386,2.39564
387,4.22707
388,5.02353
389,4.48352
390,3.83226
391,-4.12267
392,-4.77456
393,1.56163
394,6.02066
395,5.49552
396,4.36323
397,2.17785
398,1.24873
399,0.248839
400,1.62239
401,4.21758
402,6.63824
403,5.33068
404,3.76546
405,3.32725
406,2.83673
407,-3.55457
408,-4.84481
409,4.26215
410,7.5731
411,6.14119
412,1.17456
413,1.64859
414,2.94902
415,2.74109
416,3.50393
417,3.39644
418,4.39309
419,4.3522
420,6.17911
421,5.62914
422,-1.85942
423,-5.81706
424,-0.928405
425,6.99439
426,7.89669
427,4.29075
428,1.96438
429,3.861
430,0.403033
431,1.98332
432,4.33241
433,4.79817
434,4.5427
435,5.78993
436,4.95873
437,3.47367
438,-2.50573
439,-2.64814
440,1.81848
441,7.45599
442,7.70077
443,2.97916
444,1.4019
445,3.52635
446,4.7813
447,3.25289
448,3.43108
449,3.1991
450,5.91928
451,6.62654
452,6.79508
453,-1.43351
454,-4.74904
455,-1.27192
456,6.35921
457,7.433
458,4.82538
459,2.5767
460,3.18789
461,3.21495
462,0.602913
463,3.41668
464,6.52548
465,6.59246
466,5.02937
467,4.30322
468,5.05621
469,-0.683186
470,-3.42192
471,0.413376
472,6.9679
473,7.90737
474,3.4272
475,0.577818
476,4.77592
477,4.83394
478,2.58583
479,2.5826
480,5.42552
481,6.93537
482,5.44164
483,6.2164
484,2.03887
485,-5.28547
486,-1.86671
487,5.16579
488,5.72706
489,6.54395
490,4.49441
491,4.7835
492,1.26575
493,1.08971
494,3.86879
495,7.28118
496,7.47408
497,3.94514
498,4.88868
499,6.08173
500,1.36493
501,-4.37522
502,1.22305
503,6.25839
504,8.95582
505,4.59855
506,4.26489
507,3.51579
508,1.51964
509,3.295
510,4.82833
511,5.71871
512,5.65283
513,6.68347
514,6.1967
515,5.64074
516,-4.3847
517,-3.41242
518,4.03054
519,7.74514
520,7.20384
521,5.53633
522,4.36699
523,1.0674
524,1.90364
525,4.52412
526,5.87986
527,7.33475
528,6.93408
529,6.33232
530,5.59841
531,2.83011
532,-3.80381
533,-3.30224
534,5.58547
535,8.46071
536,7.23372
537,4.26422
538,3.07519
539,3.37266
540,3.32767
541,5.7065
542,4.11757
543,5.93762
544,7.5434
545,7.88334
546,4.76144
547,-3.33497
548,-3.42169
549,0.514465
550,6.46726
551,8.26053
552,7.14703
553,3.07592
554,3.32305
555,1.66908
556,4.05452
557,4.99506
558,5.76975
559,5.33423
560,5.20156
561,6.95511
562,3.00652
563,-47.256
564,-53.4012
565,-15.3782
566,13.4403
567,10.3935
568,-13.0936
569,-24.0168
570,-16.4817
571,-19.4436
572,-21.8739
573,-15.9107
574,-8.82084
575,-5.23142
576,-9.40903
577,-12.5348
578,-32.935
579,-174.567
580,-64.1704
581,-14.1129
582,14.3645
583,-21.2344
584,-86.6879
585,-92.0538
586,-72.1116
587,-93.3089
588,-79.2798
589,-53.6556
590,-46.0351
591,-53.9496
592,-63.1226
593,-50.245
594,-132.585
595,-273.792
596,-67.0764
597,-26.5674
598,-23.5125
599,-80.2881
600,-167.775
601,-146.255
602,-137.582
603,-153.268
604,-121.33
605,-94.7206
606,-93.3935
607,-109.845
608,-115.603
609,-17.7527
610,-71.6552
611,-32.0005
612,-32.0208
613,-79.2423
614,-42.4765
615,-55.3545
616,-80.2574
617,-58.9602
618,-70.6699
619,-63.6999
620,-54.981
621,-60.1758
622,-58.7842
623,-60.3648
624,-55.3759
625,-9.23126
626,-42.5774
627,-17.6184
628,-28.5734
629,-39.1213
630,-21.1514
631,-40.549
632,-40.7419
633,-32.463
634,-38.614
635,-33.9329
636,-31.0865
637,-30.5983
638,-28.2685
639,-28.923
640,-6.96191
641,-3.00639
642,-1.69184
643,-4.98296
644,-19.4352
645,-12.3739
646,-4.64516
647,-6.0572
648,-8.60868
649,-5.54443
650,-2.74388
651,-4.17898
652,-7.37952
653,-4.74906
654,-1.18083
655,-1.30013
656,2.04509
657,1.14035
658,-1.70329
659,-0.820586
660,2.29259
661,2.73876
662,4.23515
663,3.79496
664,5.38599
665,4.21726
666,5.32889
667,5.44888
668,6.79061
669,7.63696
670,9.13776
671,9.1533
672,6.83234
673,15.2539
674,1.39008
675,4.23561
676,9.0136
677,10.5215
678,17.9757
679,17.8309
680,15.1683
681,17.8623
682,14.3002
683,13.702
684,16.6236
685,18.7889
686,19.6449
687,7.14661
688,10.9532
689,2.24161
690,2.86302
691,15.5857
692,13.5561
693,13.7314
694,17.688
695,15.1104
696,15.8843
697,16.2773
698,14.1035
699,16.5786
700,19.0753
701,21.3112
702,19.9638
703,5.5807
704,20.0751
705,5.89059
706,7.32659
707,17.0574
708,13.4048
709,25.3539
710,25.1456
711,22.0107
712,26.1104
713,21.8335
714,21.1119
715,25.1894
716,26.278
717,27.6553
718,17.407
719,7.08285
720,6.72623
721,4.19554
722,17.8757
723,21.3541
724,14.7191
725,20.1353
726,18.3365
727,19.1854
728,16.7805
729,16.5507
730,21.1006
731,23.9736
732,21.5812
733,21.6677
734,5.81441
735,16.0401
736,4.26436
737,5.83616
738,19.8948
739,13.9987
740,17.535
741,22.0796
742,19.0229
743,23.2873
744,19.8433
745,17.9873
746,23.2791
747,24.0298
748,24.7513
749,22.1772
750,6.74183
751,21.0362
752,6.38448
753,11.9646
754,22.101
755,15.4587
756,27.0993
757,24.9142
758,20.2617
759,24.7494
760,22.267
761,23.2711
762,27.1957
763,25.6366
764,25.4568
765,9.58667
766,11.9115
767,5.12918
768,4.52242
769,19.8107
770,19.5333
771,16.4516
772,23.8109
773,18.4726
774,19.4076
775,21.9977
776,17.6244
777,23.3531
778,25.0406
779,26.3549
780,22.0506
781,6.06439
782,3.53803
783,-0.420187
784,6.40518
785,25.6625
786,15.6311
787,15.9481
788,14.8164
789,13.3649
790,14.5742
791,15.1515
792,15.4181
793,19.8851
794,20.2181
795,19.6196
796,18.7885
797,8.03175
798,22.9425
799,4.4859
800,11.105
801,17.6142
802,14.4037
803,25.5911
804,24.9389
805,21.7629
806,26.4438
807,21.6758
808,20.5353
809,25.8237
810,26.7442
811,28.7769
812,8.14372
813,18.2478
814,9.44433
815,6.17699
816,22.022
817,17.7928
818,19.5532
819,27.3813
820,24.0685
821,25.8688
822,25.7937
823,21.8675
824,25.5227
825,25.7512
826,28.97
827,28.8634
828,5.84051
829,15.5996
830,3.45743
831,10.7524
832,28.4373
833,16.41
834,21.4716
835,23.4676
836,22.5439
837,24.428
838,18.9269
839,20.5056
840,28.2456
841,28.0178
842,26.3341
843,16.9328
844,10.8161
845,16.1975
846,5.66403
847,17.2952
848,21.2174
849,16.118
850,27.3323
851,23.5626
852,22.9486
853,23.8206
854,21.7101
855,25.2155
856,25.0089
857,26.1714
858,28.3462
859,7.67366
860,22.4594
861,7.53267
862,6.68175
863,22.5487
864,16.6993
865,22.5504
866,29.4946
867,23.3787
868,28.6239
869,23.3467
870,21.3894
871,28.9536
872,29.5895
873,27.906
874,26.5413
875,9.14502
876,34.8244
877,9.53356
878,14.4854
879,25.6719
880,18.3917
881,34.4275
882,33.2057
883,27.9153
884,33.6768
885,29.1974
886,29.0358
887,32.9919
888,31.4783
889,33.1104
890,11.6458
891,22.9926
892,16.3678
893,7.48619
894,24.1948
895,22.7409
896,22.4087
897,35.093
898,29.1632
899,29.8626
900,32.2637
901,25.1841
902,31.152
903,33.8693
904,35.867
905,29.7549
906,7.74321
907,29.0836
908,10.3918
909,12.4615
910,27.9285
911,20.1056
912,28.3963
913,30.975
914,26.588
915,31.9911
916,30.0951
917,27.6086
918,31.3312
919,30.1742
920,32.643
921,31.2821
922,4.97572
923,5.85864
924,3.04444
925,19.3434
926,28.6535
927,15.2643
928,21.6663
929,20.7557
930,17.4219
931,19.4642
932,17.6317
933,21.34
934,26.0374
935,24.9115
936,23.1329
937,8.33054
938,30.5866
939,17.6766
940,8.35354
941,19.3623
942,16.8247
943,23.0504
944,35.1232
945,31.0991
946,33.4265
947,33.6061
948,27.2361
949,28.785
950,30.8962
951,34.1849
952,34.229
953,6.37998
954,22.5285
955,6.53198
956,12.9211
957,30.6395
958,18.0893
959,26.8531
960,27.9337
961,25.4771
962,28.7782
963,23.6469
964,24.771
965,32.2187
966,30.9644
967,30.9979
968,18.8411
969,10.8912
970,15.7414
971,7.05413
972,20.8889
973,22.8937
974,17.3528
975,27.2844
976,23.6864
977,23.9434
978,24.2553
979,21.7901
980,25.1906
981,26.268
982,26.7875
983,27.0532
984,7.16766
985,28.6317
986,10.2082
987,8.07444
988,21.93
989,16.1617
990,22.159
991,31.1231
992,26.6337
993,31.319
994,25.6598
995,23.7079
996,31.8161
997,30.5086
998,28.6889
999,27.0167
1000,9.38462
1001,32.6703
1002,10.173
1003,15.8648
1004,25.6337
1005,17.9401
1006,33.1073
1007,30.8805
1008,26.8835
1009,32.6358
1010,28.111
1011,26.8192
1012,29.6315
1013,30.7043
1014,31.6583
1015,11.3878
1016,9.25181
1017,6.19117
1018,5.78624
1019,24.0608
1020,20.5895
1021,16.9295
1022,24.2799
1023,20.6002
1024,19.2836
1025,21.3308
1026,18.853
1027,26.321
1028,25.6683
1029,24.8972
1030,22.3349
1031,5.63554
1032,7.12653
1033,1.01514
1034,7.14316
1035,24.4044
1036,15.4349
1037,15.2467
1038,14.8009
1039,13.7025
1040,16.5866
1041,15.5531
1042,14.7102
1043,19.6286
1044,19.5146
1045,20.6678
1046,17.6012
1047,6.47581
1048,16.8389
1049,3.82825
1050,11.8224
1051,18.3223
1052,12.188
1053,20.2128
1054,21.3673
1055,18.0391
1056,20.4427
1057,16.8928
1058,18.5699
1059,22.3047
1060,21.5545
1061,21.7319
1062,6.81573
1063,13.5297
1064,6.92834
1065,4.83901
1066,16.8485
1067,14.5813
1068,15.0858
1069,19.8573
1070,18.5317
1071,20.8306
1072,18.5121
1073,16.7871
1074,19.555
1075,21.1525
1076,21.7691
1077,23.3203
1078,4.94803
1079,18.9232
1080,5.52649
1081,9.29424
1082,21.0066
1083,11.5925
1084,20.67
1085,22.9886
1086,20.7768
1087,22.1997
1088,19.1881
1089,19.5778
1090,24.0427
1091,21.2069
1092,22.5317
1093,14.147
1094,7.91509
1095,5.46132
1096,2.1933
1097,14.9981
1098,18.641
1099,13.176
1100,15.5567
1101,15.2769
1102,15.8983
1103,14.4692
1104,11.7655
1105,15.4116
1106,19.15
1107,18.2457
1108,17.3811
1109,3.94492
1110,1.15246
1111,-0.0103043
1112,3.11274
1113,13.9065
1114,10.9939
1115,9.72353
1116,10.9106
1117,8.06863
1118,10.5514
1119,8.96021
1120,9.37132
1121,15.6978
1122,14.0341
1123,11.9452
1124,11.0297
1125,5.87022
1126,19.2712
1127,4.52125
1128,6.14084
1129,13.1136
1130,9.39343
1131,18.7687
1132,18.2542
1133,14.6032
1134,18.7005
1135,14.6551
1136,14.6279
1137,16.9857
1138,18.4387
1139,17.9898
1140,6.70724
1141,0.945792
1142,-1.44457
1143,1.24659
1144,13.2965
1145,13.0166
1146,9.88199
1147,10.6999
1148,6.81986
1149,7.07571
1150,9.2956
1151,8.61845
1152,12.6683
1153,14.2681
1154,12.3437
1155,10.6906
1156,5.70463
1157,14.3209
1158,2.36486
1159,2.63975
1160,11.5339
1161,10.0815
1162,13.8247
1163,13.2883
1164,12.5486
1165,15.0985
1166,13.1011
1167,9.38857
1168,14.0728
1169,15.7083
1170,16.4644
1171,11.8573
1172,3.376
1173,10.5891
1174,2.56393
1175,9.02079
1176,12.5046
1177,8.2015
1178,13.4495
1179,13.7135
1180,10.1799
1181,13.7178
1182,11.8425
1183,12.6249
1184,13.673
1185,13.5598
1186,14.8381
1187,5.36004
1188,6.29802
1189,0.816984
1190,1.45292
1191,12.9463
1192,11.5853
1193,8.60439
1194,9.23623
1195,10.9395
1196,12.45
1197,8.1524
1198,6.85404
1199,10.9477
1200,12.7674
1201,11.9659
1202,11.8674
1203,4.33011
1204,20.4968
1205,4.7278
1206,4.54501
1207,10.9888
1208,8.0363
1209,16.4971
1210,17.3193
1211,15.3192
1212,17.9632
1213,14.7606
1214,13.7543
1215,13.9504
1216,15.5888
1217,17.7782
1218,10.5352
1219,6.532
1220,12.883
1221,4.88325
1222,11.6931
1223,11.324
1224,9.04487
1225,16.3997
1226,15.414
1227,14.7236
1228,15.1023
1229,12.5133
1230,13.2808
1231,15.07
1232,15.2282
1233,15.3826
1234,3.62213
1235,6.06558
1236,1.60516
1237,2.91317
1238,10.3744
1239,8.64556
1240,10.1226
1241,10.7837
1242,8.13473
1243,9.83981
1244,7.47416
1245,8.13284
1246,13.3851
1247,10.6978
1248,10.3344
1249,9.7514
1250,0.912968
1251,-12.7478
1252,-4.08415
1253,4.19099
1254,13.4555
1255,5.14375
1256,-1.3344
1257,-1.19064
1258,-1.62052
1259,-2.1106
1260,-3.16192
1261,1.74615
1262,5.48784
1263,3.62194
1264,-0.482573
1265,1.35465
1266,0.341147
1267,-1.69813
1268,-1.28395
1269,1.13101
1270,3.66496
1271,3.1668
1272,2.70935
1273,0.280008
1274,1.54885
1275,1.49559
1276,2.33131
1277,4.21151
1278,2.42635
1279,3.53794
1280,3.8392
1281,2.63903
1282,0.762168
1283,-1.61949
1284,0.187275
1285,5.0365
1286,3.2015
1287,2.87176
1288,1.85888
1289,4.03052
1290,2.44011
1291,1.43806
1292,2.31197
1293,4.36292
1294,4.25681
1295,2.55087
1296,2.9685
1297,1.15644
1298,-2.41051
1299,-2.37915
1300,1.69435
1301,5.086
1302,3.41142
1303,-0.100831
1304,0.396326
1305,-0.243386
1306,0.226595
1307,1.21387
1308,1.83849
1309,1.8733
1310,1.96066
1311,2.14307
1312,1.92067
1313,0.364687
1314,-2.07556
1315,-0.778733
1316,2.68455
1317,3.27003
1318,1.40405
1319,-0.240834
1320,2.85225
1321,2.62832
1322,1.18299
1323,-0.0290548
1324,0.535586
1325,2.43579
1326,3.8334
1327,2.11775
1328,1.01772
1329,1.13897
1330,-0.841257
1331,-0.608965
1332,1.5477
1333,3.41106
1334,1.61272
1335,0.0208426
1336,2.33511
1337,1.48426
1338,0.47934
1339,1.38231
1340,0.892617
1341,2.82199
1342,1.60395
1343,2.04204
1344,-3.54611
1345,-21.7699
1346,-5.95809
1347,-0.153613
1348,4.6939
1349,-0.724362
1350,-10.5186
1351,-8.96061
1352,-6.74728
1353,-11.5507
1354,-8.85293
1355,-5.47102
1356,-3.19587
1357,-7.02057
1358,-8.59359
1359,-1.13504
1360,-6.12178
1361,-5.89135
1362,-5.7037
1363,-6.76356
1364,-1.63805
1365,-3.12916
1366,-6.90675
1367,-4.72372
1368,-4.79069
1369,-5.11811
1370,-5.96194
1371,-3.96174
1372,-2.17359
1373,-5.0195
1374,-6.17505
1375,1.84722
1376,4.40043
1377,-0.17199
1378,-2.60704
1379,-4.17935
1380,-0.289453
1381,0.22645
1382,1.23794
1383,-0.283916
1384,-0.34263
1385,-0.779778
1386,0.123542
1387,-0.230194
1388,-1.60708
1389,-1.57696
1390,1.84765
1391,1.97222
1392,-0.229171
1393,-1.47813
1394,-1.67874
1395,1.37359
1396,2.50744
1397,1.91943
1398,-1.47314
1399,-0.286842
1400,0.788168
1401,-0.710252
1402,0.342192
1403,0.974434
1404,0.703913
1405,-1.98506
1406,1.4309
1407,-0.953457
1408,-2.27905
1409,-1.44145
1410,0.770418
1411,0.614201
1412,-0.933052
1413,-1.04003
1414,-0.948236
1415,-1.68072
1416,-1.31854
1417,-2.22623
1418,-2.1705
1419,-0.386514
1420,-1.49836
1421,-1.4228
1422,2.08104
1423,2.19156
1424,-2.80521
1425,-3.21448
1426,0.766184
1427,2.05975
1428,-0.705692
1429,-1.37446
1430,-1.38103
1431,-0.792058
1432,-1.67486
1433,-2.92736
1434,-1.17949
1435,-0.495704
1436,-0.473514
1437,-0.0150191
1438,-3.00051
1439,-3.24149
1440,-2.46714
1441,-1.7407
1442,0.260657
1443,-1.1966
1444,-3.57259
1445,-1.58884
1446,-3.41584
1447,-2.98808
1448,-3.90717
1449,-3.87005
1450,-3.66177
1451,-3.16647
1452,-2.19184
1453,1.40897
1454,0.979151
1455,-3.56473
1456,-4.10075
1457,-2.37941
1458,-0.230114
1459,-3.12053
1460,-2.32448
1461,-1.09627
1462,-3.24091
1463,-5.52987
1464,-3.95421
1465,-3.1097
1466,-2.61358
1467,-2.45882
1468,-3.39172
1469,-1.18557
1470,-4.21511
1471,-2.50702
1472,-4.15504
1473,-2.3149
1474,-2.41333
1475,-4.53229
1476,-4.57127
1477,-3.35563
1478,-5.37601
1479,-5.11814
1480,-5.2701
1481,-5.38267
1482,-5.07931
1483,-4.38326
1484,0.841312
1485,-2.6993
1486,-2.79396
1487,-3.87205
1488,-5.31863
1489,-2.34106
1490,-1.72538
1491,-3.64473
1492,-4.13251
1493,-3.72032
1494,-6.45803
1495,-4.94968
1496,-3.33386
1497,-4.19082
1498,-5.93717
1499,-6.01615
1500,-0.568224
1501,-4.87968
1502,-5.28072
1503,-3.0733
1504,-1.56508
1505,-5.25138
1506,-5.01869
1507,-14.5164
1508,-9.27851
1509,-13.254
1510,-12.5359
1511,-8.46035
1512,-9.6367
1513,-12.6378
1514,-11.2284
1515,-7.38474
1516,-7.32358
1517,-10.7833
1518,-8.06664
1519,-9.18248
1520,-11.2964
1521,-9.13254
1522,-8.88981
1523,-9.34536
1524,-9.69776
1525,-9.32418
1526,-9.86504
1527,-8.69262
1528,-9.88136
1529,-9.30416
1530,-11.5643
1531,-9.22966
1532,-10.719
1533,-10.5366
1534,-9.40069
1535,-10.4143
1536,-10.8597
1537,-10.0268
1538,-10.0042
1539,-8.4825
1540,-10.2977
1541,-8.69317
1542,-9.54023
1543,-11.8391
1544,-11.1161
1545,-9.14605
1546,-7.61381
1547,-7.15526
1548,-11.3536
1549,-12.1151
1550,-9.95927
1551,-9.08245
1552,-9.27988
1553,-10.7602
1554,-10.0879
1555,-8.27003
1556,-10.5263
1557,-10.9025
1558,-10.0106
1559,-9.16202
1560,-9.52923
1561,-11.2368
1562,-9.12569
1563,-7.57839
1564,-9.43308
1565,-12.1939
1566,-9.09997
1567,-8.87673
1568,-10.0575
1569,-11.6014
1570,-7.05061
1571,-8.65074
1572,-9.71632
1573,-10.1551
1574,-11.8206
1575,-10.9677
1576,-8.49319
1577,-7.74238
1578,-10.2482
1579,-9.18012
1580,-11.6241
1581,-10.7163
1582,-10.375
1583,-8.91777
1584,-10.9818
1585,-10.4944
1586,-7.14517
1587,-10.378
1588,-11.6923
1589,-11.1015
1590,-9.74874
1591,-10.3149
1592,-10.816
1593,-10.404
1594,-7.65079
1595,-10.1248
1596,-9.97542
1597,-11.0628
1598,-12.1472
1599,-11.3717
1600,-10.7804
1601,-8.39884
1602,-9.13582
1603,-11.914
1604,-10.5084
1605,-10.2048
1606,-12.736
1607,-11.7256
1608,-9.61418
1609,-7.83321
1610,-12.7021
1611,-11.5413
1612,-10.2552
1613,-10.7023
1614,-11.4163
1615,-12.0304
1616,-10.9917
1617,-8.48895
1618,-10.4593
1619,-13.2943
1620,-10.2449
1621,-10.8456
1622,-11.0676
1623,-12.9684
1624,-12.5367
1625,-8.03121
1626,-11.4082
1627,-9.49514
1628,-12.0895
1629,-13.1214
1630,-12.1221
1631,-10.0362
1632,-11.5737
1633,-10.4359
1634,-11.4692
1635,-10.2083
1636,-11.8238
1637,-13.2917
1638,-11.6368
1639,-11.7159
1640,-10.13
1641,-11.305
1642,-12.8936
1643,-11.1534
1644,-11.8569
1645,-13.7234
1646,-10.2797
1647,-10.2841
1648,-11.359
1649,-13.3999
1650,-11.5268
1651,-10.7325
1652,-11.6405
1653,-12.3345
1654,-12.8724
1655,-14.2767
1656,-10.1483
1657,-11.1949
1658,-12.8321
1659,-12.9199
1660,-13.5565
1661,-11.5904
1662,-13.3014
1663,-12.8776
1664,-9.41502
1665,-12.089
1666,-11.7408
1667,-13.2864
1668,-13.641
1669,-13.0314
1670,-12.5772
1671,-10.429
1672,-9.99969
1673,-14.5738
1674,-14.6423
1675,-13.2042
1676,-12.071
1677,-12.8567
1678,-13.3613
1679,-12.4758
1680,-11.7921
1681,-13.4021
1682,-13.4361
1683,-12.9576
1684,-12.9228
1685,-13.3252
1686,-14.8988
1687,-10.6355
1688,-11.0716
1689,-14.0677
1690,-14.9706
1691,-13.0013
1692,-12.6844
1693,-14.6825
1694,-14.4716
1695,-8.95277
1696,-12.5072
1697,-13.1898
1698,-13.528
1699,-15.8864
1700,-13.5623
1701,-12.1295
1702,-10.8934
1703,-13.0427
1704,-14.3687
1705,-13.715
1706,-14.3902
1707,-13.4733
1708,-13.7274
1709,-14.6977
1710,-13.0349
1711,-9.97302
1712,-15.5096
1713,-14.6532
1714,-13.9943
1715,-12.6244
1716,-14.8219
1717,-15.3878
1718,-10.762
1719,-9.9263
1720,-13.6941
1721,-13.9697
1722,-13.4061
1723,-14.3862
1724,-15.1104
1725,-14.6022
1726,-10.562
1727,-11.1446
1728,-13.937
1729,-14.632
1730,-14.6587
1731,-13.5659
1732,-13.882
1733,-13.4733
1734,-12.5992
1735,-14.52
1736,-12.3586
1737,-13.8477
1738,-15.8931
1739,-13.4835
1740,-13.9874
1741,-13.3839
1742,-11.6541
1743,-14.6095
1744,-15.0033
1745,-13.2534
1746,-13.0451
1747,-15.4797
1748,-14.9181
1749,-14.4628
1750,-10.3135
1751,-15.0624
1752,-12.2325
1753,-15.0087
1754,-14.9078
1755,-15.2334
1756,-13.3662
1757,-13.5352
1758,-12.6686
1759,-13.2508
1760,-14.6096
1761,-14.845
1762,-14.8587
1763,-14.7133
1764,-14.7168
1765,-12.8229
1766,-13.8168
1767,-14.0009
1768,-14.7868
1769,-15.2435
1770,-14.85
1771,-13.2958
1772,-13.5315
1773,-14.1445
1774,-14.9062
1775,-14.0614
1776,-14.3955
1777,-14.0813
1778,-14.9131
1779,-16.0971
1780,-15.0985
1781,-11.4965
1782,-13.9812
1783,-16.5612
1784,-14.8288
1785,-13.9534
1786,-14.5954
1787,-15.5495
1788,-14.4962
1789,-10.9894
1790,-14.323
1791,-14.257
1792,-16.0184
1793,-14.3143
1794,-15.1181
1795,-13.8867
1796,-13.2815
1797,-12.5547
1798,-14.8221
1799,-15.5909
1800,-14.7708
1801,-14.1506
1802,-14.2828
1803,-14.7199
1804,-13.5961
1805,-14.0832
1806,-14.1553
1807,-14.5252
1808,-13.5972
1809,-15.3296
1810,-15.2651
1811,-13.5662
1812,-11.469
1813,-13.5406
1814,-16.8382
1815,-15.213
1816,-13.1472
1817,-14.2789
1818,-16.9824
1819,-14.4401
1820,-9.68391
1821,-12.6781
1822,-15.45
1823,-16.0428
1824,-15.191
1825,-13.6369
1826,-13.357
1827,-13.7589
1828,-12.8667
1829,-13.4422
1830,-15.7706
1831,-15.3702
1832,-13.8551
1833,-14.2771
1834,-14.2137
1835,-14.579
1836,-12.509
1837,-14.8617
1838,-14.1054
1839,-14.2441
1840,-16.2554
1841,-15.0367
1842,-14.1447
1843,-12.9307
1844,-11.6591
1845,-13.4261
1846,-14.3259
1847,-14.2609
1848,-14.9822
1849,-15.0159
1850,-15.6561
1851,-11.4414
1852,-9.86859
1853,-15.3986
1854,-15.7757
1855,-15.2443
1856,-14.3322
1857,-15.497
1858,-13.6061
1859,-12.1984
1860,-14.7058
1861,-14.611
1862,-14.4897
1863,-14.6253
1864,-15.1128
1865,-14.6706
1866,-13.1572
1867,-11.1247
1868,-14.5582
1869,-14.8082
1870,-13.1892
1871,-13.6231
1872,-15.925
1873,-13.5971
1874,-12.98
1875,-10.6028
1876,-15.2958
1877,-12.0739
1878,-12.7288
1879,-15.7161
1880,-15.3565
1881,-12.8666
1882,-12.2028
1883,-11.8816
1884,-13.9386
1885,-15.3998
1886,-13.8005
1887,-14.3595
1888,-12.8494
1889,-15.691
1890,-13.52
1891,-11.4781
1892,-13.7338
1893,-13.4614
1894,-15.4454
1895,-13.8148
1896,-13.1598
1897,-13.7397
1898,-14.1967
1899,-13.3666
1900,-14.2806
1901,-12.8789
1902,-13.3392
1903,-15.8076
1904,-13.7429
1905,-13.2651
1906,-10.943
1907,-15.66
1908,-14.5366
1909,-11.7256
1910,-14.5247
1911,-15.2747
1912,-12.6451
1913,-12.5869
1914,-10.4194
1915,-15.1839
1916,-12.7587
1917,-13.6377
1918,-13.4867
1919,-13.4599
1920,-14.3142
1921,-12.693
1922,-10.6544
1923,-12.9758
1924,-14.9431
1925,-12.7878
1926,-13.5291
1927,-12.4975
1928,-13.5812
1929,-12.7387
1930,-12.1782
1931,-12.7881
1932,-12.6621
1933,-14.5852
1934,-14.4621
1935,-13.1348
1936,-12.7748
1937,-10.8653
1938,-11.658
1939,-14.1904
1940,-13.6399
1941,-12.3035
1942,-11.8551
1943,-14.3638
1944,-14.2142
1945,-8.35334
1946,-11.0571
1947,-12.9152
1948,-13.9246
1949,-12.4725
1950,-13.4967
1951,-13.298
1952,-11.5699
1953,-10.8728
1954,-13.563
1955,-13.0404
1956,-12.7562
1957,-13.2105
1958,-12.7412
1959,-12.7162
1960,-11.6101
1961,-10.9138
1962,-13.4256
1963,-11.9189
1964,-12.7769
1965,-15.32
1966,-11.4242
1967,-11.0594
1968,-9.79469
1969,-11.5447
1970,-13.1625
1971,-10.9547
1972,-11.8151
1973,-12.6151
1974,-14.2752
1975,-13.1896
1976,-9.95549
1977,-8.88827
1978,-13.21
1979,-12.2117
1980,-12.8109
1981,-11.9664
1982,-14.2147
1983,-13.536
1984,-10.1328
1985,-11.6992
1986,-11.2363
1987,-13.0901
1988,-12.8123
1989,-12.2568
1990,-11.7026
1991,-12.3401
1992,-8.79423
1993,-11.4174
1994,-12.3853
1995,-12.8306
1996,-11.7418
1997,-11.5064
1998,-12.5102
1999,-12.0554
2000,-8.98411
2001,-12.3448
2002,-10.2463
2003,-12.1273
2004,-13.1683
2005,-11.8929
2006,-11.2317
2007,-10.7639
2008,-10.7937
2009,-11.5452
2010,-11.2328
2011,-10.9192
2012,-11.584
2013,-12.3658
2014,-12.2104
2015,-9.47488
2016,-9.25468
2017,-12.573
2018,-11.4339
2019,-12.2236
2020,-11.0524
2021,-12.1062
2022,-10.359
2023,-10.2111
2024,-11.0611
2025,-11.6414
2026,-11.9164
2027,-9.88174
2028,-10.8221
2029,-11.436
2030,-11.8283
2031,-8.11179
2032,-11.6241
2033,-11.6188
2034,-10.3273
2035,-10.3038
2036,-10.8381
2037,-11.166
2038,-10.1013
2039,-7.90359
2040,-10.8725
2041,-10.2411
2042,-10.0689
2043,-10.0989
2044,-11.0527
2045,-12.4888
2046,-8.38019
2047,-7.33293
2048,-11.0289
2049,-13.3851
2050,-10.614
2051,-8.77999
2052,-9.94588
2053,-11.259
2054,-9.53852
2055,-9.21568
2056,-10.7719
2057,-9.89392
2058,-11.3292
2059,-10.0505
2060,-9.83793
2061,-8.96843
2062,-8.73799
2063,-10.0636
2064,-9.91736
2065,-9.77926
2066,-9.99218
2067,-10.0824
2068,-10.8894
2069,-10.0441
2070,-6.49154
2071,-9.56921
2072,-8.83861
2073,-9.18602
2074,-10.4106
2075,-11.3375
2076,-9.95021
2077,-7.17961
2078,-8.36743
2079,-9.07303
2080,-11.0422
2081,-9.92998
2082,-8.88362
2083,-8.52802
2084,-10.4616
2085,-8.34885
2086,-7.69102
2087,-8.87745
2088,-10.5482
2089,-10.6321
2090,-9.44231
2091,-8.06239
2092,-7.80779
2093,-8.30916
2094,-7.74027
2095,-8.19338
2096,-7.9132
2097,-8.79418
2098,-8.97652
2099,-9.52041
2100,-8.86992
2101,-6.77307
2102,-6.26069
2103,-9.29163
2104,-8.75312
2105,-9.35754
2106,-9.30068
2107,-9.0192
2108,-8.18089
2109,-7.03102
2110,-8.83192
2111,-7.01262
2112,-9.80218
2113,-9.08159
2114,-8.72983
2115,-8.15721
2116,-9.09774
2117,-6.48036
2118,-7.08763
2119,-9.4359
2120,-9.0118
2121,-7.41151
2122,-7.07551
2123,-8.66376
2124,-8.6007
2125,-5.81123
2126,-7.66531
2127,-6.34039
2128,-7.85543
2129,-8.5938
2130,-8.72189
2131,-7.2871
2132,-7.01077
2133,-6.14246
2134,-7.69598
2135,-8.44674
2136,-7.05844
2137,-6.982
2138,-9.27704
2139,-8.17387
2140,-5.69114
2141,-4.91721
2142,-7.97754
2143,-8.0964
2144,-7.49259
2145,-7.21577
2146,-6.63856
2147,-7.10019
2148,-7.33408
2149,-7.17108
2150,-6.49157
2151,-7.2432
2152,-5.4094
2153,-6.43941
2154,-5.87799
2155,-8.62295
2156,-6.26545
2157,-6.01547
2158,-5.94853
2159,-5.87075
2160,-7.90917
2161,-6.37268
2162,-5.33763
2163,-6.06902
2164,-6.55452
2165,-5.47153
2166,-4.71897
2167,-5.38198
2168,-7.83074
2169,-6.83004
2170,-5.40329
2171,-4.66126
2172,-4.41658
2173,-7.41472
2174,-7.10557
2175,-6.07014
2176,-4.81916
2177,-5.41058
2178,-5.20832
2179,-5.90732
2180,-5.42508
2181,-5.9873
2182,-5.57309
2183,-6.16706
2184,-5.30682
2185,-3.94947
2186,-5.69865
2187,-5.26827
2188,-4.63926
2189,-4.46992
2190,-6.23223
2191,-4.49378
2192,-5.32849
2193,-5.43083
2194,-6.66645
2195,-2.7185
2196,-4.0116
2197,-5.17822
2198,-5.25952
2199,-6.19523
2200,-5.90904
2201,-4.10684
2202,-2.73525
2203,-5.53582
2204,-5.14082
2205,-6.92304
2206,-4.45386
2207,-4.3191
2208,-4.42179
2209,-5.3553
2210,-4.23132
2211,-3.63522
2212,-6.42115
2213,-4.1282
2214,-4.09591
2215,-5.2334
2216,-5.20402
2217,-2.65765
2218,-4.04106
2219,-4.08634
2220,-4.25513
2221,-1.73877
2222,-4.95492
2223,-7.03401
2224,-4.40127
2225,-2.77013
2226,-2.53161
2227,-3.58968
2228,-3.81837
2229,-3.88245
2230,-4.93567
2231,-5.35966
2232,-2.80992
2233,-2.61889
2234,-3.36558
2235,-5.54363
2236,-3.63051
2237,-3.10726
2238,-4.40244
2239,-3.92361
2240,-3.68529
2241,-3.68333
2242,-2.83897
2243,-2.24658
2244,-5.36319
2245,-3.06374
2246,-2.33235
2247,-1.54061
2248,-4.67839
2249,-4.57263
2250,-0.969006
2251,-2.21954
2252,-0.947282
2253,-3.19422
2254,-4.29957
2255,-3.59332
2256,-1.78197
2257,-2.53389
2258,-2.01571
2259,-2.42387
2260,-2.21648
2261,-2.66057
2262,-3.35153
2263,-2.68605
2264,-2.14252
2265,-1.51507
2266,-3.22842
2267,-3.42761
2268,-0.90745
2269,-2.27961
2270,-3.60359
2271,-0.841048
2272,-0.988777
2273,-2.87819
2274,-4.04784
2275,-1.89145
2276,-1.00104
2277,-0.224692
2278,-1.88243
2279,-2.66552
2280,-3.82135
2281,-0.428454
2282,-0.521605
2283,-2.94741
2284,-0.969953
2285,-2.07353
2286,-1.68011
2287,-2.35825
2288,-0.843006
2289,-0.929987
2290,-2.99278
2291,-0.399879
2292,-0.807043
2293,-2.50839
2294,-2.69252
2295,-0.247206
2296,-0.0461159
2297,-1.53164
2298,-2.79699
2299,-1.87985
2300,-1.535
2301,0.218156
2302,-0.505917
2303,-2.07199
2304,-1.27956
2305,-1.78909
2306,-1.2454
2307,-0.858244
2308,-0.959345
2309,-0.793362
2310,-0.928384
2311,-2.00966
2312,-0.155143
2313,0.495783
2314,0.163927
2315,-1.73157
2316,-1.81393
2317,-0.620901
2318,-0.266934
2319,-0.00886654
2320,-0.308236
2321,-0.312026
2322,0.726045
2323,0.0210115
2324,-3.34822
2325,0.0938703
2326,2.03395
2327,2.31553
2328,-3.40024
2329,-1.09038
2330,-0.236528
2331,0.46017
2332,0.675406
2333,0.00795832
2334,-0.748514
2335,0.0688436
2336,0.849998
2337,-1.08383
2338,0.607817
2339,0.298939
2340,0.728868
2341,-0.351359
2342,-0.224077
2343,1.3759
2344,1.12857
2345,1.50727
2346,-0.0839606
2347,-0.75919
2348,0.402474
2349,0.952468
2350,-0.570092
2351,1.4216
2352,2.00479
2353,1.59032
2354,-1.49381
2355,-0.068424
2356,1.82857
2357,1.10268
2358,1.60578
2359,0.883275
2360,-0.364867
2361,-0.272434
2362,1.25162
2363,1.79315
2364,1.42307
2365,-0.0642088
2366,1.09354
2367,1.02668
2368,2.32404
2369,0.422817
2370,0.686421
2371,2.87984
2372,1.04579
2373,0.0380475
2374,0.62325
2375,2.46979
2376,1.4099
2377,3.33
2378,0.637894
2379,1.44148
2380,0.458274
2381,3.02275
2382,2.00573
2383,0.948726
2384,2.25709
2385,0.227269
2386,1.92334
2387,2.3863
2388,2.59609
2389,1.09376
2390,1.61536
2391,1.64958
2392,2.78434
2393,2.34245
2394,2.09108
2395,2.27758
2396,1.85695
2397,2.35695
2398,0.731622
2399,2.4258
2400,2.64795
2401,1.36155
2402,2.76173
2403,3.70632
2404,2.23774
2405,0.269265
2406,2.59261
2407,4.79206
2408,1.87156
2409,1.08515
2410,2.9545
2411,3.98433
2412,2.60063
2413,1.96796
2414,3.26275
2415,3.12789
2416,3.56103
2417,1.64091
2418,4.54904
2419,2.99001
2420,3.29401
2421,2.02726
2422,2.08586
2423,3.09521
2424,2.44091
2425,3.13731
2426,3.88144
2427,4.00393
2428,3.05814
2429,3.03852
2430,0.578756
2431,3.44376
2432,4.87767
2433,4.74055
2434,1.73801
2435,2.39075
2436,5.69527
2437,3.95974
2438,4.1504
2439,1.93754
2440,2.89762
2441,4.73615
2442,4.83808
2443,2.7866
2444,4.13036
2445,3.5826
2446,4.10051
2447,3.54811
2448,3.96916
2449,3.3442
2450,3.4744
2451,5.76037
2452,5.22805
2453,0.190148
2454,4.42176
2455,3.78609
2456,3.75473
2457,4.43211
2458,4.67311
2459,5.07461
2460,3.10398
2461,4.31464
2462,3.94454
2463,4.40777
2464,5.63429
2465,3.83142
2466,3.90107
2467,5.32782
2468,5.97961
2469,4.09833
2470,4.82609
2471,4.0664
2472,5.18186
2473,4.83318
2474,5.54582
2475,3.75733
2476,5.04831
2477,6.62484
2478,4.15263
2479,3.95713
2480,4.47673
2481,6.08174
2482,5.49105
2483,5.59398
2484,3.11556
2485,4.35112
2486,5.72622
2487,6.17803
2488,4.07471
2489,4.78224
2490,5.32654
2491,4.75563
2492,4.81508
2493,6.14278
2494,4.12399
2495,5.4561
2496,7.19365
2497,4.56329
2498,4.83605
2499,5.19036
2500,6.35153
2501,5.02195
2502,5.6422
2503,5.7793
2504,5.92088
2505,5.62004
2506,5.797
2507,5.70168
2508,4.02214
2509,5.74443
2510,4.08653
2511,7.1287
2512,7.35191
2513,6.47816
2514,4.14134
2515,4.8972
2516,5.74555
2517,6.46995
2518,6.92709
2519,4.80994
2520,4.75956
2521,6.70709
2522,7.85435
2523,3.01321
2524,4.83832
2525,6.18791
2526,7.94586
2527,6.27057
2528,5.34731
2529,7.1839
2530,5.76821
2531,4.85995
2532,5.63163
2533,6.64332
2534,7.10148
2535,5.81795
2536,5.88959
2537,7.31053
2538,5.80585
2539,5.76851
2540,5.36855
2541,7.09953
2542,7.18486
2543,8.0455
2544,7.11005
2545,5.47821
2546,5.87124
2547,6.77529
2548,7.12925
2549,4.22523
2550,7.41441
2551,8.07319
2552,8.31014
2553,5.88397
2554,6.55182
2555,4.1537
2556,6.3572
2557,8.19613
2558,7.48391
2559,6.21367
2560,6.11719
2561,8.08046
2562,5.9198
2563,7.5102
2564,5.81555
2565,7.74751
2566,8.1752
2567,7.6819
2568,6.38294
2569,7.17681
2570,7.78191
2571,6.16615
2572,6.32449
2573,7.20282
2574,7.08078
2575,7.00226
2576,8.04992
2577,8.06335
2578,4.71002
2579,7.60856
2580,7.09641
2581,6.626
2582,6.90028
2583,8.28876
2584,7.63659
2585,7.12378
2586,6.67893
2587,6.51607
2588,7.96853
2589,8.93128
2590,5.56068
2591,7.48196
2592,9.11028
2593,9.30626
2594,4.947
2595,6.2347
2596,8.97707
2597,9.17117
2598,7.75969
2599,6.95611
2600,7.60918
2601,8.42373
2602,8.25125
2603,5.93077
2604,7.86509
2605,8.14263
2606,8.82187
2607,7.28323
2608,8.18553
2609,5.71259
2610,7.73876
2611,8.96676
2612,7.07032
2613,6.96569
2614,8.71458
2615,9.19573
2616,7.32887
2617,7.10678
2618,8.90435
2619,7.02131
2620,7.11142
2621,8.60658
2622,9.24602
2623,8.32891
2624,7.36743
2625,5.9662
2626,8.40764
2627,10.5262
2628,8.59472
2629,6.76605
2630,7.83158
2631,9.01896
2632,8.66778
2633,5.80849
2634,8.2961
2635,8.04191
2636,9.58414
2637,8.442
2638,7.74324
2639,7.84452
2640,7.95097
2641,7.15068
2642,7.73759
2643,10.2776
2644,7.44103
2645,8.14888
2646,8.80159
2647,10.1668
2648,6.06325
2649,6.3847
2650,9.2133
2651,9.02412
2652,9.24211
2653,8.00721
2654,7.99117
2655,6.79285
2656,8.00398
2657,7.52755
2658,8.43153
2659,9.2204
2660,9.74815
2661,7.67314
2662,7.15211
2663,9.66512
2664,7.84144
2665,7.42795
2666,8.27018
2667,9.55111
2668,8.9759
2669,7.84457
2670,6.87634
2671,9.4034
2672,7.61281
2673,8.10304
2674,6.66992
2675,8.7395
2676,9.89107
2677,9.29882
2678,9.6679
2679,7.54961
2680,4.55477
2681,8.51575
2682,11.1833
2683,7.94746
2684,7.28719
2685,9.32382
2686,10.9564
2687,6.52296
2688,8.08419
2689,9.03299
2690,9.37686
2691,9.67426
2692,8.86077
2693,8.81387
2694,9.36256
2695,8.05593
2696,7.20203
2697,9.94583
2698,9.00148
2699,8.23932
2700,7.78086
2701,9.49687
2702,10.8853
2703,5.64312
2704,9.74943
2705,7.63839
2706,8.51494
2707,9.4559
2708,10.0508
2709,8.08075
2710,8.6057
2711,8.18606
2712,9.02799
2713,7.757
2714,9.04962
2715,8.58156
2716,10.0522
2717,10.9678
2718,8.5837
2719,6.79665
2720,9.64444
2721,9.92191
2722,8.70135
2723,9.68703
2724,9.20517
2725,8.74272
2726,8.76792
2727,9.79077
2728,8.43906
2729,8.19355
2730,8.50451
2731,10.1855
2732,9.37359
2733,9.11363
2734,6.90243
2735,8.35933
2736,9.8391
2737,8.46265
2738,9.5693
2739,9.2165
2740,8.99454
2741,8.29886
2742,8.33941
2743,9.94748
2744,7.94272
2745,8.88829
2746,9.7683
2747,9.28232
2748,9.50733
2749,8.86932
2750,6.21855
2751,9.52976
2752,11.6513
2753,9.81585
2754,7.6086
2755,8.27095
2756,10.6268
2757,9.29007
2758,7.14193
2759,9.46147
2760,8.54671
2761,9.23058
2762,10.498
2763,8.83977
2764,7.81054
2765,8.52164
2766,9.86265
2767,8.24759
2768,8.60413
2769,10.1298
2770,10.306
2771,9.88764
2772,9.10674
2773,7.0964
2774,7.3554
2775,9.32691
2776,8.69985
2777,10.8874
2778,9.41305
2779,10.6883
2780,7.73306
2781,7.25608
2782,9.61042
2783,10.9385
2784,10.5048
2785,8.07755
2786,8.91031
2787,10.9687
2788,10.3883
2789,6.45944
2790,8.70054
2791,10.9925
2792,11.1178
2793,8.42268
2794,8.07828
2795,9.97262
2796,9.56197
2797,8.17903
2798,8.3295
2799,7.45614
2800,9.70086
2801,10.8531
2802,10.0269
2803,9.36481
2804,7.39844
2805,6.79421
2806,8.56762
2807,10.1283
2808,8.71028
2809,9.56558
2810,9.97083
2811,9.50221
2812,7.78906
2813,9.25364
2814,8.9561
2815,9.16572
2816,10.2958
2817,8.62844
2818,9.89473
2819,9.61594
2820,8.42094
2821,8.31425
2822,9.13013
2823,9.1568
2824,8.52802
2825,9.58603
2826,10.257
2827,9.97886
2828,5.91637
2829,9.90705
2830,6.4688
2831,8.68772
2832,9.88996
2833,10.9491
2834,7.54783
2835,7.11125
2836,8.48933
2837,9.15213
2838,9.66231
2839,8.85314
2840,9.18014
2841,8.48307
2842,10.3434
2843,9.20147
2844,7.41004
2845,9.29985
2846,10.5771
2847,9.04222
2848,7.61138
2849,8.98871
2850,10.3286
2851,9.70495
2852,7.69214
2853,7.92032
2854,9.69471
2855,8.61518
2856,7.76293
2857,10.8057
2858,11.1129
2859,6.27643
2860,6.2558
2861,8.80818
2862,10.6442
2863,8.40793
2864,8.68863
2865,9.4928
2866,8.9872
2867,6.93249
2868,9.82231
2869,8.7179
2870,8.91081
2871,8.04158
2872,10.7071
2873,8.53175
2874,7.56043
2875,6.86082
2876,9.9125
2877,11.7368
2878,7.49619
2879,7.04592
2880,8.85993
2881,10.792
2882,7.91521
2883,6.74294
2884,9.07589
2885,9.12452
2886,7.89231
2887,8.89473
2888,9.58795
2889,7.87842
2890,7.96746
2891,7.40117
2892,8.93504
2893,10.0858
2894,8.51303
2895,7.94503
2896,9.50398
2897,8.45571
2898,7.20117
2899,7.17212
2900,8.11623
2901,8.29659
2902,9.97909
2903,9.47549
2904,7.94504
2905,6.31544
2906,7.93713
2907,9.4019
2908,8.31365
2909,8.87343
2910,7.59207
2911,8.60727
2912,9.10699
2913,9.77135
2914,6.49552
2915,6.59949
2916,9.07426
2917,8.7165
2918,9.39723
2919,7.25966
2920,7.94458
2921,8.79877
2922,7.40699
2923,6.82724
2924,7.34327
2925,9.42286
2926,9.99424
2927,7.71431
2928,7.27926
2929,8.05126
2930,5.48654
2931,7.83921
2932,8.41473
2933,8.7934
2934,7.93551
2935,8.31672
2936,7.51346
2937,7.1766
2938,8.80859
2939,8.37527
2940,6.98411
2941,6.96406
2942,8.73199
2943,9.43247
2944,8.84482
2945,6.5635
2946,6.10329
2947,9.18985
2948,8.88585
2949,5.97969
2950,7.41925
2951,9.78828
2952,10.0143
2953,3.34869
2954,7.50706
2955,7.65121
2956,8.40249
2957,8.47111
2958,8.30218
2959,7.24227
2960,6.11831
2961,7.26641
2962,6.9801
2963,8.54491
2964,7.30645
2965,8.26246
2966,6.76756
2967,7.5679
2968,8.74665
2969,7.01793
2970,7.97416
2971,6.96257
2972,8.04124
2973,8.40647
2974,6.96444
2975,5.66052
2976,8.38191
2977,8.18495
2978,6.87537
2979,5.69017
2980,6.71891
2981,8.35225
2982,6.93249
2983,8.34479
2984,5.33541
2985,6.03588
2986,6.84874
2987,8.48616
2988,7.46823
2989,7.11111
2990,5.40985
2991,8.60081
2992,6.94432
2993,7.18893
2994,5.1181
2995,7.62411
2996,8.77307
2997,6.16818
2998,6.02498
2999,7.63397
3000,6.27999
3001,6.76724
3002,8.30866
3003,6.3883
3004,7.26939
3005,5.86858
3006,8.25604
3007,6.84213
3008,5.18555
3009,7.06599
3010,6.38518
3011,6.91931
3012,7.08249
3013,7.1712
3014,6.59496
3015,6.30075
3016,5.02614
3017,8.10809
3018,8.20466
3019,6.67658
3020,5.25099
3021,6.65224
3022,8.53294
3023,4.87337
3024,6.30044
3025,5.75899
3026,5.93614
3027,9.04532
3028,8.08266
3029,5.41886
3030,4.45323
3031,6.41482
3032,8.69396
3033,4.63885
3034,5.18702
3035,7.76649
3036,7.71283
3037,6.70729
3038,5.48281
3039,5.06622
3040,6.26427
3041,7.33796
3042,5.25886
3043,6.71151
3044,7.83723
3045,7.86913
3046,3.34568
3047,4.48914
3048,7.54705
3049,6.17528
3050,5.48476
3051,5.97733
3052,7.46288
3053,5.35953
3054,4.65683
3055,3.65649
3056,6.90802
3057,5.86152
3058,7.34313
3059,5.50923
3060,4.51983
3061,5.67297
3062,5.90939
3063,6.98045
3064,4.19351
3065,4.44147
3066,7.42984
3067,6.88654
3068,5.33194
3069,6.78802
3070,5.05954
3071,5.3561
3072,5.86912
3073,6.11904
3074,4.86837
3075,6.13847
3076,7.75261
3077,6.37401
3078,2.63791
3079,5.95281
3080,5.43872
3081,6.12716
3082,6.19512
3083,5.35554
3084,5.54719
3085,5.38474
3086,5.69785
3087,4.59062
3088,5.45449
3089,7.05397
3090,4.89091
3091,4.76532
3092,6.19461
3093,6.544
3094,4.36977
3095,5.95063
3096,4.69768
3097,5.68934
3098,5.95268
3099,6.17036
3100,3.93816
3101,4.49882
3102,6.97838
3103,5.15292
3104,4.58856
3105,3.37454
3106,5.24016
3107,6.25058
3108,5.91935
3109,2.19974
3110,3.87167
3111,6.45608
3112,6.26072
3113,4.13705
3114,4.5709
3115,5.08135
3116,5.18744
3117,4.8765
3118,5.58223
3119,3.64292
3120,4.31565
3121,5.28969
3122,4.2864
3123,4.54102
3124,5.1541
3125,4.72117
3126,3.91281
3127,4.77766
3128,4.29228
3129,4.26411
3130,3.98984
3131,4.4067
3132,4.38687
3133,3.86605
3134,4.99871
3135,2.66686
3136,4.42282
3137,5.23078
3138,6.13674
3139,2.96478
3140,3.04402
3141,4.65136
3142,5.97851
3143,5.34736
3144,2.30627
3145,4.41427
3146,5.27219
3147,4.03874
3148,2.07204
3149,4.81276
3150,3.42963
3151,4.02559
3152,4.97695
3153,4.5144
3154,3.51883
3155,2.82506
3156,4.72984
3157,4.08655
3158,2.77331
3159,4.09624
3160,4.23333
3161,3.61614
3162,4.49848
3163,3.53349
3164,3.72655
3165,3.79377
3166,3.14947
3167,3.16987
3168,5.36804
3169,3.99044
3170,2.85486
3171,2.43717
3172,3.5932
3173,3.90513
3174,2.20789
3175,3.97321
3176,3.95735
3177,4.12608
3178,3.27471
3179,3.55214
3180,1.17645
3181,3.01033
3182,3.87798
3183,4.14031
3184,3.15417
3185,2.76094
3186,4.24688
3187,3.09957
3188,4.00923
3189,1.80763
3190,2.8586
3191,4.08213
3192,4.64817
3193,3.14817
3194,2.04342
3195,2.80363
3196,3.1815
3197,3.24686
3198,2.26704
3199,1.89504
3200,3.32816
3201,4.43757
3202,2.89636
3203,0.828119
3204,3.21932
3205,2.11021
3206,1.35608
3207,2.60054
3208,3.93403
3209,2.38076
3210,1.82116
3211,2.34149
3212,2.07579
3213,3.2152
3214,2.94318
3215,1.18379
3216,2.44882
3217,3.82167
3218,4.87459
3219,1.46654
3220,1.51333
3221,1.97291
3222,3.94088
3223,2.99586
3224,0.926172
3225,1.61458
3226,3.65124
3227,3.08182
3228,1.11862
3229,2.08969
3230,0.855023
3231,3.22724
3232,2.28755
3233,1.67003
3234,1.00654
3235,1.90914
3236,2.90125
3237,1.1429
3238,1.6063
3239,2.64734
3240,2.17849
3241,0.346901
3242,2.60502
3243,2.56122
3244,0.472464
3245,0.749755
3246,2.49
3247,2.42897
3248,1.90228
3249,1.90039
3250,1.44539
3251,1.53128
3252,3.27261
3253,1.15904
3254,1.02392
3255,1.62074
3256,1.47601
3257,1.93706
3258,1.32819
3259,1.64731
3260,-0.987688
3261,0.796422
3262,3.42018
3263,1.20668
3264,-0.348335
3265,1.14158
3266,1.32562
3267,1.21269
3268,2.6879
3269,0.459557
3270,0.719617
3271,1.34282
3272,2.60644
3273,-0.549889
3274,-0.142748
3275,1.29471
3276,2.23703
3277,1.59523
3278,0.562791
3279,1.02001
3280,0.15957
3281,1.05746
3282,0.0737207
3283,0.971495
3284,0.305709
3285,1.57782
3286,0.267134
3287,0.521821
3288,1.40107
3289,1.05895
3290,0.062826
3291,-0.0638635
3292,0.317467
3293,2.13703
3294,0.59179
3295,-0.000815521
3296,1.11313
3297,0.439762
3298,0.874204
3299,-0.552995
3300,-0.947628
3301,0.84223
3302,2.17248
3303,0.667599
3304,-1.14502
3305,-0.743906
3306,2.11586
3307,0.612445
3308,-1.08143
3309,0.775566
3310,0.537346
3311,0.256183
3312,-0.737536
3313,1.06246
3314,-0.0954853
3315,-0.854195
3316,0.931907
3317,0.38014
3318,-0.0712067
3319,-0.400765
3320,0.928706
3321,-0.423463
3322,0.577593
3323,-0.688699
3324,0.131607
3325,-0.846545
3326,0.409707
3327,1.37056
3328,-1.1858
3329,0.547415
3330,-2.17548
3331,-1.11319
3332,0.886546
3333,0.99033
3334,-1.53835
3335,-0.427512
3336,0.800626
3337,-0.247463
3338,-0.464347
3339,-0.196585
3340,-1.35839
3341,-0.84802
3342,0.736946
3343,0.999247
3344,-0.428632
3345,-0.998394
3346,-0.540595
3347,-0.22155
3348,-0.603256
3349,-1.31191
3350,-0.641781
3351,-0.216219
3352,0.321764
3353,-1.65055
3354,-1.33915
3355,-1.53018
3356,-1.16439
3357,-0.326357
3358,-0.0390258
3359,-1.62791
3360,-2.42791
3361,0.717152
3362,-0.924486
3363,-1.23153
3364,-0.961186
3365,-0.324633
3366,-1.49274
3367,-0.693108
3368,0.477762
3369,-0.874037
3370,-1.22252
3371,-1.65535
3372,-1.11004
3373,-0.484081
3374,-1.06236
3375,-1.48117
3376,-0.765845
3377,0.511668
3378,-0.875435
3379,-3.42984
3380,-2.73296
3381,0.21568
3382,-0.22604
3383,-1.29101
3384,-2.26821
3385,-2.34581
3386,-0.242459
3387,-0.72919
3388,-2.39477
3389,-1.06751
3390,-0.653376
3391,-0.977475
3392,-2.73123
3393,-0.952919
3394,-0.642239
3395,-1.37844
3396,-2.09149
3397,-1.18131
3398,-1.9555
3399,-1.30261
3400,-1.5352
3401,-1.44257
3402,-0.41243
3403,-1.88641
3404,-0.994172
3405,-3.65703
3406,-1.85587
3407,-0.643423
3408,-0.942898
3409,-1.13301
3410,-3.36252
3411,-2.26201
3412,-1.08222
3413,-0.813054
3414,-1.31523
3415,-2.33845
3416,-2.42431
3417,-0.728545
3418,-0.759573
3419,-1.9767
3420,-2.36077
3421,-1.18776
3422,-0.778816
3423,-3.33718
3424,-3.08762
3425,-0.608737
3426,-0.930283
3427,-3.0047
3428,-2.33725
3429,-2.29301
3430,-2.37939
3431,-2.4904
3432,-1.35484
3433,-2.42146
3434,-2.31491
3435,-2.3659
3436,-2.77539
3437,-2.02234
3438,-1.18855
3439,-2.87183
3440,-3.05719
3441,-2.27024
3442,-2.34502
3443,-1.40569
3444,-2.89181
3445,-1.6478
3446,-3.48587
3447,-3.00574
3448,-2.08555
3449,-2.88069
3450,-2.75615
3451,-2.18552
3452,-1.16896
3453,-3.07566
3454,-3.07418
3455,-4.74892
3456,-1.98905
3457,-1.00606
3458,-1.36528
3459,-3.86963
3460,-3.48344
3461,-1.32588
3462,-3.17835
3463,-2.32531
3464,-3.37616
3465,-4.18041
3466,-2.19458
3467,-0.955086
3468,-2.69263
3469,-2.65455
3470,-1.75303
3471,-2.17685
3472,-4.53984
3473,-5.05607
3474,-1.94715
3475,-1.97671
3476,-1.78107
3477,-3.64631
3478,-3.29262
3479,-2.58523
3480,-4.29773
3481,-4.26149
3482,-1.94626
3483,-1.70196
3484,-3.40076
3485,-4.71934
3486,-3.3027
3487,-3.2652
3488,-3.3057
3489,-2.15837
3490,-4.29496
3491,-4.5862
3492,-1.5703
3493,-0.725558
3494,-4.65466
3495,-4.68775
3496,-3.20809
3497,-1.40978
3498,-3.93735
3499,-4.57041
3500,-1.69438
3501,-1.93989
3502,-2.34186
3503,-5.00494
3504,-4.1902
3505,-3.4368
3506,-3.13312
3507,-3.7811
3508,-2.76339
3509,-3.27421
3510,-4.64387
3511,-4.3876
3512,-2.8122
3513,-3.2101
3514,-3.92656
3515,-2.83183
3516,-3.15766
3517,-3.71474
3518,-2.11778
3519,-3.37983
3520,-4.04254
3521,-4.05522
3522,-4.29036
3523,-3.35113
3524,-3.30298
3525,-3.80067
3526,-3.34247
3527,-2.87674
3528,-3.32312
3529,-4.30232
3530,-5.59571
3531,-3.25582
3532,-3.25114
3533,-3.08264
3534,-3.55709
3535,-6.39111
3536,-3.55281
3537,-2.47276
3538,-3.07916
3539,-3.94062
3540,-5.14782
3541,-3.19085
3542,-4.28093
3543,-3.21997
3544,-3.5963
3545,-4.12301
3546,-4.88337
3547,-2.77015
3548,-4.74168
3549,-4.75161
3550,-4.25531
3551,-2.81813
3552,-3.60349
3553,-5.64579
3554,-3.72216
3555,-3.86929
3556,-3.94626
3557,-4.24989
3558,-4.10607
3559,-3.97647
3560,-4.32114
3561,-5.12199
3562,-2.887
3563,-2.6
3564,-3.61735
3565,-5.93211
3566,-5.84381
3567,-3.50256
3568,-1.50095
3569,-4.17614
3570,-4.25947
3571,-5.24022
3572,-3.32061
3573,-3.36284
3574,-5.89066
3575,-4.73721
3576,-3.72965
3577,-2.98523
3578,-5.02832
3579,-5.1829
3580,-5.11327
3581,-4.02422
3582,-3.77001
3583,-4.99001
3584,-5.36733
3585,-4.41556
3586,-3.22593
3587,-5.30112
3588,-3.74717
3589,-5.59716
3590,-5.11316
3591,-4.64433
3592,-4.14524
3593,-3.10619
3594,-3.50453
3595,-3.63399
3596,-4.98718
3597,-5.71178
3598,-4.731
3599,-3.53218
3600,-5.52312
3601,-3.72746
3602,-3.67569
3603,-4.38077
3604,-5.03731
3605,-5.53747
3606,-5.14652
3607,-3.93174
3608,-3.40891
3609,-5.11755
3610,-6.31746
3611,-3.80279
3612,-4.1622
3613,-5.01947
3614,-4.48402
3615,-5.42651
3616,-5.09008
3617,-3.48809
3618,-2.62241
3619,-4.94036
3620,-5.98045
3621,-5.08885
3622,-3.87967
3623,-4.79882
3624,-5.39218
3625,-3.65908
3626,-4.24711
3627,-3.09333
3628,-6.66822
3629,-5.50298
3630,-5.50073
3631,-2.84438
3632,-4.33843
3633,-4.96501
3634,-4.88163
3635,-5.5003
3636,-4.70076
3637,-4.1455
3638,-4.41601
3639,-5.1655
3640,-3.73837
3641,-5.10821
3642,-4.62172
3643,-3.85343
3644,-4.87101
3645,-5.96205
3646,-6.01027
3647,-4.69921
3648,-4.28821
3649,-3.189
3650,-5.62746
3651,-6.52644
3652,-3.46565
3653,-3.95119
3654,-6.7183
3655,-6.64875
3656,-2.69405
3657,-3.17253
3658,-7.19978
3659,-6.75296
3660,-4.87845
3661,-4.25626
3662,-5.2709
3663,-5.37519
3664,-3.81736
3665,-5.09034
3666,-5.04839
3667,-6.02243
3668,-3.86942
3669,-4.67819
3670,-4.80387
3671,-6.16666
3672,-4.14634
3673,-4.99319
3674,-4.28688
3675,-5.06211
3676,-5.28275
3677,-4.44167
3678,-4.82894
3679,-4.9206
3680,-5.36638
3681,-4.22383
3682,-4.773
3683,-4.3807
3684,-5.72288
3685,-6.02891
3686,-4.87174
3687,-3.38867
3688,-3.29343
3689,-6.03341
3690,-5.62944
3691,-4.35286
3692,-4.37419
3693,-3.91725
3694,-4.64648
3695,-4.53881
3696,-5.38565
3697,-4.27609
3698,-4.80835
3699,-5.41436
3700,-4.9206
3701,-3.75001
3702,-4.79177
3703,-5.54869
3704,-4.53694
3705,-6.26907
3706,-4.77142
3707,-3.9092
3708,-5.20568
3709,-5.58742
3710,-5.14232
3711,-3.35814
3712,-6.05309
3713,-4.92962
3714,-4.02959
3715,-6.5346
3716,-5.70276
3717,-3.91467
3718,-2.40534
3719,-3.74301
3720,-5.23917
3721,-6.67412
3722,-5.2605
3723,-4.35313
3724,-3.77197
3725,-6.08406
3726,-3.61538
3727,-3.23179
3728,-5.66645
3729,-5.49305
3730,-6.30774
3731,-4.92551
3732,-4.91398
3733,-3.6243
3734,-5.52493
3735,-5.88393
3736,-4.13675
3737,-3.97064
3738,-5.78713
3739,-6.79294
3740,-4.61512
3741,-4.31373
3742,-3.62962
3743,-5.02464
3744,-4.94048
3745,-4.82382
3746,-5.87014
3747,-6.2788
3748,-4.55178
3749,-4.5461
3750,-3.67611
3751,-5.42913
3752,-4.38462
3753,-5.86381
3754,-4.81684
3755,-4.99095
3756,-5.45545
3757,-5.18037
3758,-3.82359
3759,-4.84228
3760,-7.37545
3761,-4.56747
3762,-3.58748
3763,-4.07629
3764,-6.95508
3765,-4.85878
3766,-4.89282
3767,-4.54565
3768,-3.08374
3769,-6.39174
3770,-6.31126
3771,-4.61193
3772,-4.28384
3773,-5.93477
3774,-3.99771
3775,-5.16275
3776,-5.14879
3777,-5.37321
3778,-4.81995
3779,-5.35374
3780,-6.05709
3781,-3.67529
3782,-5.48239
3783,-5.12221
3784,-4.93821
3785,-5.93404
3786,-5.28707
3787,-4.54892
3788,-4.8296
3789,-3.43589
3790,-5.7582
3791,-4.56554
3792,-5.01993
3793,-3.69193
3794,-4.50832
3795,-7.25784
3796,-6.27016
3797,-3.15633
3798,-3.81613
3799,-6.33459
3800,-5.41471
3801,-4.76153
3802,-4.32441
3803,-5.75928
3804,-4.22961
3805,-4.83779
3806,-5.01216
3807,-4.36615
3808,-4.44404
3809,-5.29413
3810,-6.93635
3811,-4.96587
3812,-2.23787
3813,-3.20112
3814,-7.70029
3815,-5.65701
3816,-3.56423
3817,-3.7513
3818,-5.63908
3819,-5.503
3820,-2.65766
3821,-5.38201
3822,-4.82493
3823,-4.19742
3824,-4.47107
3825,-5.17182
3826,-4.21224
3827,-4.50487
3828,-4.9822
3829,-4.05656
3830,-4.83127
3831,-6.00868
3832,-5.47998
3833,-2.94301
3834,-4.46653
3835,-5.68382
3836,-4.08394
3837,-5.41776
3838,-3.87141
3839,-4.25962
3840,-7.50812
3841,-5.33677
3842,-3.5901
3843,-1.51424
3844,-4.8838
3845,-6.33191
3846,-5.05816
3847,-3.60769
3848,-4.68236
3849,-6.15657
3850,-5.05614
3851,-2.66369
3852,-3.1349
3853,-6.92681
3854,-4.51243
3855,-4.92354
3856,-3.57686
3857,-5.7475
3858,-4.50577
3859,-4.22834
3860,-4.34691
3861,-4.37523
3862,-6.51721
3863,-4.86596
3864,-3.81596
3865,-5.43832
3866,-5.93112
3867,-2.61004
3868,-3.23359
3869,-4.54007
3870,-5.58913
3871,-5.3706
3872,-4.76712
3873,-4.23223
3874,-3.27773
3875,-3.70557
3876,-5.44546
3877,-2.85045
3878,-4.74156
3879,-5.56346
3880,-4.62177
3881,-4.75636
3882,-3.80221
3883,-3.79834
3884,-4.57252
3885,-6.94081
3886,-4.79487
3887,-2.92495
3888,-4.63969
3889,-5.70455
3890,-4.16148
3891,-3.82118
3892,-5.11648
3893,-2.44918
3894,-5.3575
3895,-4.57796
3896,-4.90682
3897,-3.97031
3898,-4.62297
3899,-3.88119
3900,-4.23764
3901,-4.90742
3902,-3.68351
3903,-4.42067
3904,-4.7661
3905,-5.39577
3906,-2.40466
3907,-5.21114
3908,-4.17697
3909,-4.38939
3910,-4.18763
3911,-5.06871
3912,-4.74027
3913,-2.66857
3914,-2.83156
3915,-5.66053
3916,-5.44629
3917,-2.88803
3918,-1.84201
3919,-4.46099
3920,-6.4941
3921,-4.2828
3922,-2.6195
3923,-3.53439
3924,-5.58644
3925,-5.50619
3926,-3.47182
3927,-2.99636
3928,-3.77477
3929,-5.74801
3930,-4.13692
3931,-3.01996
3932,-3.66169
3933,-5.71969
3934,-4.14264
3935,-3.96236
3936,-3.97505
3937,-2.77307
3938,-2.72341
3939,-4.36938
3940,-4.32129
3941,-2.76616
3942,-4.74429
3943,-4.09677
3944,-2.64986
3945,-2.43974
3946,-5.62033
3947,-3.19216
3948,-2.99439
3949,-2.97286
3950,-5.14533
3951,-3.79897
3952,-2.81491
3953,-4.20732
3954,-3.3811
3955,-6.61166
3956,-3.67659
3957,-2.48256
3958,-2.95423
3959,-5.73539
3960,-3.74552
3961,-2.53914
3962,-4.59602
3963,-3.90496
3964,-2.93019
3965,-4.344
3966,-4.70525
3967,-2.79481
3968,-1.40869
3969,-3.06109
3970,-4.97947
3971,-3.46463
3972,-2.54502
3973,-3.94133
3974,-4.68565
3975,-3.21005
3976,-1.76317
3977,-2.97478
3978,-4.47806
3979,-3.19445
3980,-3.91711
3981,-4.37253
3982,-3.43868
3983,-1.98462
3984,-3.73146
3985,-5.04449
3986,-2.66919
3987,-3.43546
3988,-3.09144
3989,-3.8731
3990,-2.93551
3991,-3.70762
3992,-2.76366
3993,-2.3535
3994,-3.13283
3995,-3.81278
3996,-5.0785
3997,-3.3518
3998,-1.48256
3999,-2.72645
4000,-3.51333
4001,-2.31031
4002,-0.882159
4003,-3.38643
4004,-5.51414
4005,-4.22148
4006,-2.02647
4007,-2.93067
4008,-2.44345
4009,-2.97983
4010,-5.32272
4011,-3.31954
4012,-1.31316
4013,-3.33833
4014,-3.95203
4015,-2.83024
4016,-1.49699
4017,-3.7087
4018,-3.24884
4019,-2.82872
4020,-2.46817
4021,-3.53208
4022,-3.62745
4023,-3.20615
4024,-1.20259
4025,-2.68559
4026,-4.21962
4027,-2.45391
4028,-1.73554
4029,-2.4927
4030,-6.28591
4031,-2.52021
4032,-1.1762
4033,-1.38912
4034,-3.75368
4035,-5.47705
4036,-2.44299
4037,-0.938288
4038,-2.17578
4039,-3.2009
4040,-2.30163
4041,-2.82103
4042,-2.62684
4043,-1.61778
4044,-2.4949
4045,-3.54671
4046,-3.14838
4047,-1.8785
4048,-3.70272
4049,-3.14418
4050,-2.45069
4051,-1.93974
4052,-2.97199
4053,-2.36839
4054,-3.47246
4055,-2.85529
4056,-2.29325
4057,-1.94932
4058,-3.14794
4059,-2.39224
4060,-1.99929
4061,-3.3586
4062,-1.65569
4063,-0.839922
4064,-1.79709
4065,-3.01181
4066,-2.25342
4067,-1.9638
4068,-0.879599
4069,-2.27081
4070,-1.72069
4071,-3.12313
4072,-2.45436
4073,-1.55502
4074,-1.97516
4075,-2.51331
4076,-2.24709
4077,-1.92803
4078,-2.59165
4079,-1.1237
4080,-5.08207
4081,-2.63148
4082,-0.639796
4083,-1.18534
4084,-4.61954
4085,-3.44221
4086,-0.505232
4087,-1.72504
4088,-1.70934
4089,-3.04628
4090,-3.12435
4091,-1.88964
4092,-0.817598
4093,-0.975154
4094,-1.1956
4095,-1.73381
4096,-1.7589
4097,-3.38909
4098,-2.70363
4099,-0.557176
4100,-1.21516
4101,-1.31573
4102,-2.26621
4103,-2.87976
4104,-0.886674
4105,-2.32015
4106,-3.23636
4107,-1.23726
4108,-0.358139
4109,-1.98143
4110,-4.14568
4111,-1.63569
4112,-0.583052
4113,-0.770053
4114,-1.7382
4115,-3.59348
4116,-2.48248
4117,0.0658958
4118,-0.193264
4119,-3.17868
4120,-2.40421
4121,-1.69783
4122,-0.421475
4123,-2.43413
4124,-2.42146
4125,-0.53952
4126,-0.133906
4127,-0.841156
4128,-3.42602
4129,-2.19451
4130,-2.15665
4131,-1.37709
4132,-1.10551
4133,-1.74699
4134,-2.81253
4135,-1.28793
4136,-0.790819
4137,-1.2618
4138,-0.739118
4139,-1.36167
4140,-1.99138
4141,-2.44232
4142,-0.651936
4143,0.30475
4144,-2.36168
4145,-2.09175
4146,-1.00381
4147,-2.02158
4148,-1.23592
4149,-0.0293435
4150,-1.50232
4151,-3.55095
4152,-0.57246
4153,0.744731
4154,-2.24995
4155,-3.61403
4156,-0.167525
4157,-0.286986
4158,-1.41514
4159,-1.22907
4160,-2.54293
4161,-1.18279
4162,-0.390984
4163,0.759514
4164,-1.23462
4165,-2.49606
4166,-0.661468
4167,-0.36292
4168,-0.0372363
4169,-1.79191
4170,-1.7701
4171,-1.95741
4172,-0.226415
4173,-2.18797
4174,-1.3243
4175,0.256125
4176,0.465466
4177,-2.58252
4178,-2.28627
4179,0.415828
4180,-1.002
4181,-1.9685
4182,-1.39697
4183,0.292963
4184,-0.35587
4185,-2.05071
4186,-2.08812
4187,0.706094
4188,1.04132
4189,-0.414326
4190,-3.22855
4191,-2.28482
4192,-0.410791
4193,1.51369
4194,-0.0191947
4195,-1.33726
4196,-2.18733
4197,0.678416
4198,1.09411
4199,-1.65162
4200,-1.02593
4201,0.204956
4202,1.38782
4203,-2.54278
4204,-2.39766
4205,-1.02915
4206,1.64175
4207,-0.496711
4208,-1.8769
4209,-1.09723
4210,-0.140184
4211,0.197184
4212,-2.10144
4213,1.71097
4214,-0.578631
4215,-1.06056
4216,-1.24304
4217,0.00278169
4218,1.56844
4219,0.862333
4220,-0.0902595
4221,-2.27995
4222,-0.499485
4223,0.944724
4224,0.463219
4225,-1.80577
4226,0.388275
4227,0.0662211
4228,-0.161179
4229,-1.20821
4230,-0.898421
4231,-0.00931466
4232,0.431632
4233,1.04831
4234,-1.57952
4235,-1.42922
4236,-0.131076
4237,1.29564
4238,0.500121
4239,-0.115668
4240,-2.40637
4241,0.280477
4242,1.56797
4243,1.34032
4244,-1.68476
4245,0.0351622
4246,0.838604
4247,-0.781632
4248,-0.370642
4249,1.04905
4250,0.685852
4251,-0.79831
4252,1.00632
4253,-0.678306
4254,-0.945252
4255,-0.838438
4256,3.11791
4257,0.143619
4258,-2.11001
4259,0.333702
4260,1.65636
4261,0.337264
4262,-1.10419
4263,0.829035
4264,1.54254
4265,-0.119234
4266,-2.40757
4267,0.306502
4268,3.43245
4269,0.637842
4270,-2.35653
4271,-1.14773
4272,2.21835
4273,0.63952
4274,0.126215
4275,-0.393961
4276,0.730756
4277,1.20302
4278,0.677535
4279,-1.12424
4280,-0.477782
4281,0.696358
4282,1.52594
4283,-0.227815
4284,-1.16698
4285,0.231886
4286,1.6872
4287,1.848
4288,0.434222
4289,-0.0433314
4290,0.568004
4291,0.416227
4292,-0.125314
4293,2.48086
4294,1.67831
4295,1.10697
4296,-1.63332
4297,0.23966
4298,1.56771
4299,0.934124
4300,0.786931
4301,0.768588
4302,1.23421
4303,0.250355
4304,0.355236
4305,-0.109069
4306,1.66837
4307,0.349459
4308,1.45998
4309,0.457983
4310,-0.516133
4311,0.383253
4312,2.35156
4313,2.7815
4314,-0.991023
4315,-0.451241
4316,1.30271
4317,2.01702
4318,1.49889
4319,2.00547
4320,1.06472
4321,-0.49428
4322,1.23977
4323,2.32252
4324,0.560582
4325,0.981338
4326,3.06943
4327,0.987351
4328,-1.10538
4329,1.39421
4330,0.962003
4331,1.14385
4332,1.64705
4333,1.08205
4334,1.12917
4335,0.371453
4336,2.10302
4337,0.692671
4338,1.68652
4339,1.08793
4340,0.257722
4341,1.19808
4342,1.85724
4343,2.65332
4344,1.60143
4345,1.29612
4346,-1.21016
4347,1.7358
4348,3.07568
4349,2.54274
4350,-0.748482
4351,0.674373
4352,3.00701
4353,1.1303
4354,1.3865
4355,0.577194
4356,1.81453
4357,1.66332
4358,2.94041
4359,-0.145237
4360,0.303182
4361,1.64088
4362,3.14853
4363,0.631884
4364,1.0426
4365,1.45111
4366,1.76721
4367,2.09643
4368,3.25124
4369,1.14563
4370,0.537775
4371,1.06382
4372,1.44328
4373,1.95165
4374,2.78235
4375,1.98448
4376,0.523817
4377,1.80986
4378,1.83512
4379,1.81779
4380,1.14762
4381,1.15576
4382,2.36288
4383,2.22332
4384,1.49456
4385,-1.13415
4386,3.01898
4387,2.46999
4388,2.42897
4389,0.572127
4390,0.442533
4391,0.821374
4392,2.69795
4393,4.37373
4394,0.301503
4395,0.238231
4396,2.00684
4397,2.75774
4398,0.345693
4399,2.57566
4400,1.97091
4401,1.89416
4402,0.623093
4403,1.69796
4404,2.51858
4405,0.401475
4406,1.8949
4407,1.32333
4408,2.15905
4409,1.21515
4410,1.60913
4411,1.86143
4412,3.1998
4413,1.97224
4414,1.62558
4415,1.73259
4416,2.45514
4417,1.17378
4418,2.99049
4419,3.98702
4420,0.811334
4421,-0.559948
4422,1.86538
4423,3.53854
4424,1.44469
4425,1.87385
4426,2.93533
4427,2.33139
4428,1.31074
4429,2.10842
4430,0.593384
4431,1.34291
4432,3.09174
4433,3.53367
4434,1.77497
4435,0.547568
4436,2.21275
4437,2.90752
4438,4.14993
4439,-0.0945231
4440,1.39178
4441,2.63595
4442,3.32965
4443,2.40521
4444,1.76882
4445,2.28083
4446,1.06211
4447,2.28102
4448,2.52661
4449,2.97035
4450,2.26107
4451,3.04166
4452,1.87154
4453,0.371324
4454,2.41485
4455,2.14068
4456,2.69284
4457,1.52697
4458,3.43389
4459,2.84707
4460,1.81123
4461,1.62408
4462,2.2914
4463,4.64353
4464,2.34629
4465,-0.801547
4466,2.68605
4467,4.16455
4468,4.02341
4469,1.27586
4470,1.49003
4471,1.90983
4472,3.1095
4473,3.15845
4474,3.32362
4475,1.33424
4476,3.04473
4477,2.84372
4478,0.559797
4479,2.38042
4480,2.58435
4481,3.57487
4482,1.36555
4483,3.10781
4484,1.59115
4485,1.72518
4486,2.48807
4487,2.30204
4488,2.66809
4489,2.44516
4490,2.53481
4491,1.8853
4492,3.25864
4493,3.63333
4494,2.14573
4495,1.0819
4496,1.85043
4497,2.80983
4498,3.29744
4499,4.18372
4500,1.62765
4501,1.55785
4502,3.62404
4503,3.35534
4504,1.79842
4505,2.13391
4506,2.87378
4507,3.814
4508,1.52077
4509,2.71979
4510,1.15494
4511,2.63468
4512,4.29422
4513,2.79747
4514,1.56889
4515,1.93972
4516,2.13373
4517,3.00126
4518,4.59011
4519,2.12413
4520,2.10913
4521,2.2465
4522,3.75035
4523,1.39395
4524,2.09103
4525,3.26138
4526,3.44423
4527,2.68375
4528,2.23871
4529,2.66164
4530,2.28662
4531,2.59792
4532,1.41578
4533,3.73728
4534,2.93395
4535,2.7966
4536,1.58217
4537,2.81426
4538,4.50153
4539,2.57547
4540,2.05947
4541,1.17671
4542,3.0924
4543,5.35967
4544,3.53097
4545,-0.145196
4546,2.94484
4547,3.29305
4548,4.15389
4549,2.17914
4550,2.56352
4551,3.90499
4552,3.4616
4553,3.40151
4554,1.26945
4555,0.647866
4556,3.84704
4557,4.4152
4558,2.20107
4559,2.62059
4560,2.32205
4561,3.96213
4562,2.46441
4563,3.68646
4564,2.77006
4565,2.22547
4566,3.82441
4567,2.60532
4568,3.80173
4569,3.44915
4570,3.24744
4571,1.12497
4572,2.80307
4573,3.37879
4574,4.76548
4575,1.86504
4576,3.85586
4577,4.03355
4578,1.50927
4579,3.14858
4580,1.30695
4581,2.87687
4582,3.72898
4583,4.56543
4584,1.3659
4585,1.99296
4586,3.64229
4587,3.87656
4588,3.55552
4589,2.87286
4590,1.42013
4591,2.83688
4592,4.9836
4593,4.21768
4594,2.46862
4595,2.36113
4596,2.74069
4597,3.29131
4598,3.26165
4599,4.29455
4600,3.09656
4601,2.65671
4602,3.47254
4603,2.75468
4604,2.22872
4605,2.90308
4606,4.08047
4607,3.54584
4608,3.6439
4609,1.44753
4610,1.45072
4611,4.31171
4612,2.50888
4613,3.46281
4614,4.07459
4615,3.71953
4616,1.09811
4617,2.58254
4618,5.48915
4619,3.34687
4620,3.25912
4621,1.83954
4622,2.97971
4623,4.00866
4624,4.7945
4625,2.06761
4626,3.41717
4627,4.76694
4628,4.12565
4629,1.57113
4630,1.93634
4631,4.55402
4632,3.9899
4633,2.80054
4634,2.29517
4635,1.50986
4636,4.00347
4637,5.34339
4638,2.69745
4639,2.74204
4640,2.6946
4641,3.21795
4642,2.2972
4643,3.38079
4644,3.9976
4645,3.67215
4646,2.18337
4647,2.216
4648,2.57051
4649,4.26361
4650,3.30293
4651,1.121
4652,4.31472
4653,5.00242
4654,3.0773
4655,-0.153003
4656,3.09533
4657,4.88589
4658,3.68785
4659,2.49367
4660,2.57576
4661,3.38505
4662,3.89782
4663,4.50942
4664,2.54513
4665,2.78246
4666,1.6414
4667,4.91108
4668,4.72897
4669,3.24064
4670,2.69276
4671,2.56432
4672,3.1901
4673,2.96207
4674,4.05087
4675,3.33733
4676,3.76217
4677,3.2531
4678,3.31768
4679,1.21203
4680,2.03447
4681,4.23701
4682,4.77229
4683,2.23364
4684,2.61123
4685,3.86876
4686,2.65595
4687,2.3745
4688,4.65562
4689,3.76752
4690,2.44954
4691,2.95354
4692,2.76606
4693,5.10331
4694,3.78208
4695,3.02045
4696,0.858494
4697,3.41744
4698,4.95491
4699,3.76864
4700,2.24575
4701,4.31248
4702,3.72683
4703,0.121784
4704,3.12379
4705,1.94977
4706,4.11564
4707,4.00421
4708,4.44962
4709,1.22972
4710,1.2602
4711,3.83814
4712,2.91402
4713,3.97229
4714,2.47355
4715,1.66159
4716,2.45966
4717,4.75262
4718,4.41041
4719,2.87872
4720,3.0078
4721,2.90429
4722,2.52558
4723,2.29256
4724,4.82731
4725,4.12182
4726,2.81802
4727,1.05477
4728,3.59526
4729,3.75352
4730,2.36278
4731,2.37392
4732,3.91522
4733,4.27726
4734,1.97873
4735,0.728839
4736,2.58845
4737,4.22686
4738,4.32266
4739,3.80215
4740,1.31454
4741,1.32508
4742,3.73429
4743,4.93833
4744,1.97212
4745,2.70679
4746,2.53308
4747,4.38712
4748,2.83342
4749,3.26539
4750,2.38364
4751,3.60299
4752,4.0988
4753,1.88186
4754,2.47959
4755,3.17804
4756,3.65726
4757,2.43125
4758,3.10993
4759,2.30573
4760,1.50426
4761,2.76386
4762,4.78709
4763,3.69251
4764,2.31716
4765,2.96898
4766,1.18482
4767,2.61789
4768,5.31813
4769,4.08077
4770,1.41005
4771,1.677
4772,3.05313
4773,3.1303
4774,3.47114
4775,2.95459
4776,2.92452
4777,2.86938
4778,4.00922
4779,2.57844
4780,1.00096
4781,2.98034
4782,3.86692
4783,3.3545
4784,2.33578
4785,1.4442
4786,4.16563
4787,4.09851
4788,4.25488
4789,1.43133
4790,0.943312
4791,3.82638
4792,3.56589
4793,3.89461
4794,2.92275
4795,2.85802
4796,2.12229
4797,2.23747
4798,1.53544
4799,3.79664
4800,4.05616
4801,3.87601
4802,0.869657
4803,1.53774
4804,3.04377
4805,2.19273
4806,2.60283
4807,2.52023
4808,3.89531
4809,3.00426
4810,2.01186
4811,1.73128
4812,3.48186
4813,4.11546
4814,3.64949
4815,1.15141
4816,1.82066
4817,3.51951
4818,5.30325
4819,3.80705
4820,1.07007
4821,0.157952
4822,3.80376
4823,4.57281
4824,2.42738
4825,2.32661
4826,4.3607
4827,4.13817
4828,-0.901034
4829,2.33174
4830,2.67127
4831,2.84761
4832,3.22189
4833,2.90492
4834,1.92367
4835,2.43522
4836,2.85
4837,2.12604
4838,3.70132
4839,3.10005
4840,2.34242
4841,1.40438
4842,3.3069
4843,4.87944
4844,2.93818
4845,1.67865
4846,0.624667
4847,2.94373
4848,3.80145
4849,4.17421
4850,1.77565
4851,3.35036
4852,2.01216
4853,3.01515
4854,2.03833
4855,2.55556
4856,2.62545
4857,2.76985
4858,3.98535
4859,0.719949
4860,0.494541
4861,2.42127
4862,3.56393
4863,3.43402
4864,2.35626
4865,0.429796
4866,2.05514
4867,2.68025
4868,4.21367
4869,0.572232
4870,1.36073
4871,3.25279
4872,2.32933
4873,2.38564
4874,3.02826
4875,2.79153
4876,1.81583
4877,2.07816
4878,2.11601
4879,2.51149
4880,2.21697
4881,3.89901
4882,2.07515
4883,1.87104
4884,2.26751
4885,1.34567
4886,2.55909
4887,3.19654
4888,3.49164
4889,2.44543
4890,2.12922
4891,0.0213785
4892,2.68133
4893,6.03714
4894,3.89347
4895,-0.0120011
4896,-0.245802
4897,4.99579
4898,3.17692
4899,2.26346
4900,1.63039
4901,2.4761
4902,2.21034
4903,1.99364
4904,2.41449
4905,2.23932
4906,2.27173
4907,2.73816
4908,1.7758
4909,1.16948
4910,2.05731
4911,3.73936
4912,3.80504
4913,1.86873
4914,1.1966
4915,2.30338
4916,2.01233
4917,1.38084
4918,4.55841
4919,3.06561
4920,2.16582
4921,-0.210321
4922,2.0116
4923,2.58261
4924,3.13836
4925,2.92421
4926,0.986177
4927,1.51002
4928,3.16405
4929,1.58459
4930,0.233437
4931,2.84364
4932,3.11193
4933,3.53573
4934,1.00066
4935,1.40948
4936,2.16206
4937,2.36414
4938,4.05172
4939,0.982181
4940,-0.307553
4941,1.91634
4942,3.93621
4943,2.41377
4944,1.59982
4945,1.29525
4946,1.37088
4947,2.15409
4948,2.8053
4949,2.23802
4950,2.16406
4951,2.725
4952,2.52133
4953,0.118735
4954,1.16955
4955,1.21735
4956,2.5436
4957,2.8233
4958,1.46603
4959,2.01471
4960,2.03027
4961,3.00139
4962,0.842294
4963,1.78084
4964,2.84773
4965,1.57691
4966,1.31417
4967,2.33721
4968,4.68733
4969,2.17881
4970,1.16743
4971,-0.92135
4972,2.81882
4973,3.2271
4974,3.5054
4975,0.34835
4976,1.83959
4977,1.89537
4978,1.9744
4979,2.23919
4980,0.990377
4981,1.25797
4982,2.56287
4983,3.69381
4984,-0.305071
4985,0.0467887
4986,2.21149
4987,3.89572
4988,1.53225
4989,0.14373
4990,0.909775
4991,1.57963
4992,2.505
4993,2.34497
4994,0.490607
4995,1.2196
4996,1.70497
4997,0.283582
4998,2.1418
4999,3.59047
5000,2.73208
5001,-0.0726218
5002,0.716024
5003,2.23347
5004,1.80412
5005,1.5735
5006,0.938735
5007,2.02607
5008,1.22899
5009,0.686124
5010,-0.149024
5011,2.24832
5012,2.51059
5013,2.30989
5014,0.288342
5015,1.31176
5016,0.976506
5017,1.51979
5018,3.5428
5019,1.09479
5020,0.414602
5021,0.107624
5022,2.11053
5023,1.45436
5024,2.35946
5025,-0.372289
5026,0.969499
5027,1.98043
5028,1.85427
5029,0.845522
5030,0.457658
5031,1.70919
5032,0.857697
5033,0.741315
5034,1.76979
5035,0.948685
5036,0.785257
5037,2.8748
5038,1.87436
5039,0.906712
5040,0.642407
5041,1.72097
5042,1.03849
5043,1.64404
5044,2.18316
5045,0.802646
5046,-0.200602
5047,1.05726
5048,2.04869
5049,1.41973
5050,0.773054
5051,1.35195
5052,1.64413
5053,0.862376
5054,0.927779
5055,-0.214729
5056,0.983348
5057,1.75662
5058,1.77132
5059,0.726219
5060,-0.401213
5061,0.781739
5062,1.96904
5063,2.89442
5064,-0.365561
5065,0.715577
5066,1.61931
5067,1.5412
5068,1.88598
5069,0.898952
5070,0.937431
5071,-0.00113454
5072,2.1029
5073,0.378995
5074,1.4053
5075,0.97379
5076,1.77798
5077,-0.136764
5078,-0.234873
5079,2.05835
5080,0.637779
5081,-0.331096
5082,0.989159
5083,2.11916
5084,0.552206
5085,0.510955
5086,0.613076
5087,0.0211019
5088,2.30694
5089,1.94916
5090,-1.65579
5091,0.328218
5092,2.31994
5093,3.33928
5094,-0.235161
5095,0.298304
5096,-0.0954878
5097,1.18476
5098,1.40988
5099,1.79177
5100,-0.0365224
5101,1.50573
5102,1.043
5103,-0.40612
5104,0.850439
5105,0.16566
5106,1.39627
5107,0.0272974
5108,1.78826
5109,-0.252426
5110,-0.384215
5111,1.37687
5112,1.12597
5113,0.654107
5114,0.37738
5115,0.344131
5116,-0.652808
5117,1.33027
5118,1.91797
5119,0.839714
5120,-0.530388
5121,-0.216357
5122,0.244101
5123,1.59093
5124,2.19378
5125,0.363603
5126,-0.25211
5127,0.518086
5128,1.25131
5129,-0.34652
5130,0.146516
5131,0.403337
5132,1.45762
5133,-0.356114
5134,0.605534
5135,-0.874818
5136,0.243402
5137,0.942917
5138,0.708068
5139,0.365558
5140,-0.244649
5141,-0.0949537
5142,0.824033
5143,2.25147
5144,-1.17284
5145,0.591452
5146,0.0219728
5147,0.366512
5148,-0.510691
5149,1.54744
5150,0.3309
5151,-0.737378
5152,0.809092
5153,1.02586
5154,-0.56961
5155,-1.01616
5156,1.33244
5157,-0.352075
5158,0.0672531
5159,0.444141
5160,0.841487
5161,-1.00314
5162,-0.763325
5163,1.86602
5164,1.03036
5165,-0.317828
5166,-1.17369
5167,0.0891383
5168,2.40109
5169,0.866884
5170,-2.65566
5171,-0.308968
5172,1.61907
5173,0.797097
5174,-0.775156
5175,-0.745509
5176,0.980857
5177,-0.678788
5178,0.46804
5179,-0.309339
5180,-1.05548
5181,-0.150882
5182,1.36149
5183,0.595638
5184,-0.714262
5185,-0.206914
5186,1.13929
5187,-0.385125
5188,0.375224
5189,0.449752
5190,0.861451
5191,-0.0190994
5192,-1.52599
5193,1.63582
5194,0.739008
5195,-0.0144546
5196,-2.29558
5197,1.58554
5198,0.340695
5199,0.801415
5200,-1.00105
5201,1.04239
5202,-0.179285
5203,-0.95549
5204,0.595189
5205,-1.83706
5206,-0.611871
5207,0.919004
5208,0.886856
5209,-1.76114
5210,-0.455823
5211,-0.401453
5212,-0.0860174
5213,0.879311
5214,0.896208
5215,-1.5627
5216,-1.62632
5217,0.683488
5218,1.90347
5219,-0.354983
5220,-1.45095
5221,-1.27547
5222,0.00588783
5223,0.129413
5224,0.149344
5225,0.120685
5226,0.362201
5227,-0.471026
5228,-1.65772
5229,-0.994481
5230,0.651396
5231,-0.92268
5232,-0.506691
5233,0.928793
5234,-0.907565
5235,-1.6172
5236,-0.0214397
5237,-0.529094
5238,0.204309
5239,0.164636
5240,0.453838
5241,-1.91738
5242,-0.47325
5243,0.886267
5244,0.307392
5245,-0.21784
5246,-2.39881
5247,-0.483899
5248,0.146592
5249,1.14829
5250,-1.01493
5251,-0.393134
5252,-0.761021
5253,-0.0933448
5254,-1.05714
5255,-2.28597
5256,0.0192167
5257,0.948874
5258,-0.198591
5259,-1.85285
5260,-2.62683
5261,0.313434
5262,0.98885
5263,-1.1759
5264,-0.0869297
5265,-0.45644
5266,-0.265658
5267,-1.7885
5268,0.59136
5269,0.155518
5270,-0.163918
5271,-1.44352
5272,-1.01337
5273,-0.497273
5274,1.60863
5275,-0.556789
5276,-2.68417
5277,0.00560859
5278,0.278473
5279,-0.695826
5280,-2.49334
5281,0.131425
5282,-0.0850999
5283,-0.672673
5284,-0.72484
5285,-1.78869
5286,-1.19397
5287,-0.388476
5288,0.577021
5289,-0.400999
5290,-0.864125
5291,-1.89399
5292,-0.944601
5293,0.696724
5294,0.656269
5295,-2.19547
5296,-3.19044
5297,0.6339
5298,-0.285762
5299,-0.82076
5300,-1.62933
5301,-0.56137
5302,-1.10694
5303,-0.127299
5304,-1.31975
5305,-0.838465
5306,-1.38041
5307,-0.319901
5308,-0.921826
5309,-2.02881
5310,-1.63498
5311,-0.592036
5312,0.215842
5313,-0.0635696
5314,-1.36172
5315,-1.44766
5316,-1.06737
5317,-2.30037
5318,0.778502
5319,0.295743
5320,-0.67394
5321,-4.12912
5322,-1.51299
5323,0.487011
5324,0.445955
5325,-2.40414
5326,-1.53445
5327,-1.11406
5328,-2.1145
5329,-0.357222
5330,-2.75292
5331,-0.0800822
5332,-0.741002
5333,-0.557132
5334,-2.07851
5335,-1.76759
5336,-0.810899
5337,-1.29947
5338,1.13411
5339,-0.783231
5340,-3.54165
5341,-2.56507
5342,0.405966
5343,0.43952
5344,-1.06566
5345,-2.01599
5346,-1.95683
5347,-1.29228
5348,-1.88956
5349,-0.155122
5350,-1.33697
5351,0.279855
5352,-2.08708
5353,-2.25812
5354,-0.707613
5355,-1.08586
5356,-2.30253
5357,-1.04104
5358,-0.0772188
5359,-1.49889
5360,-3.00326
5361,-1.07621
5362,-0.527053
5363,-0.730546
5364,-0.614547
5365,-2.10712
5366,-2.72973
5367,-0.21223
5368,0.723685
5369,-1.70252
5370,-1.23553
5371,-3.17036
5372,-1.86453
5373,-1.27201
5374,0.428114
5375,-1.31106
5376,-1.99899
5377,-0.256414
5378,-1.25853
5379,-2.53889
5380,-2.31973
5381,-0.558791
5382,-0.971403
5383,-1.36879
5384,-2.00938
5385,-2.23004
5386,-1.966
5387,-0.0638103
5388,-0.243844
5389,-1.90452
5390,-2.38353
5391,-1.70178
5392,-1.3496
5393,0.0795612
5394,-1.167
5395,-1.79245
5396,-3.06455
5397,-1.9341
5398,-1.09395
5399,0.192513
5400,-1.35504
5401,-3.08026
5402,-1.91431
5403,-1.16764
5404,-1.7794
5405,-1.73611
5406,-1.41109
5407,-2.77432
5408,-0.702299
5409,-0.46091
5410,-3.48284
5411,-2.25061
5412,-0.317812
5413,1.53861
5414,-1.88976
5415,-4.46888
5416,-2.03625
5417,-0.532165
5418,0.538675
5419,-2.07001
5420,-2.36597
5421,-2.13856
5422,-0.65912
5423,-2.52089
5424,-0.170508
5425,-1.26337
5426,-1.49701
5427,-3.47915
5428,-1.75053
5429,-1.27297
5430,-1.71323
5431,-1.24596
5432,-1.61969
5433,-1.93934
5434,-1.82125
5435,-1.8535
5436,-2.29129
5437,-0.395261
5438,0.178342
5439,-1.40686
5440,-4.15873
5441,-2.64168
5442,-0.340915
5443,-0.368864
5444,-1.57479
5445,-1.96577
5446,-3.61214
5447,-1.21449
5448,-0.090979
5449,-1.06318
5450,-1.91512
5451,-2.01719
5452,-1.86159
5453,-3.09828
5454,-1.00438
5455,-2.06605
5456,-1.77157
5457,-1.4818
5458,-1.02363
5459,-2.67241
5460,-2.04274
5461,-0.485588
5462,-2.00886
5463,-0.428113
5464,-2.70334
5465,-2.6387
5466,-2.21537
5467,-1.35379
5468,-0.72963
5469,-1.65198
5470,-1.10654
5471,-3.81082
5472,-2.69568
5473,-1.19106
5474,-0.281353
5475,-3.14433
5476,-1.0475
5477,-2.77803
5478,-1.09017
5479,-1.41753
5480,-2.10268
5481,-3.13933
5482,-2.15747
5483,-0.114494
5484,-2.54716
5485,-2.19579
5486,-1.80888
5487,-1.29756
5488,-1.58961
5489,-1.05348
5490,-3.99031
5491,-3.41281
5492,-0.123845
5493,0.595291
5494,-2.54921
5495,-2.82812
5496,-2.48542
5497,-1.72553
5498,-0.651745
5499,-0.477252
5500,-1.65922
5501,-2.24204
5502,-0.964361
5503,-2.44574
5504,-2.69841
5505,-1.82744
5506,-0.33206
5507,-1.84506
5508,-2.96167
5509,-1.3892
5510,-2.50414
5511,-1.75316
5512,-1.03528
5513,-1.54466
5514,-2.32854
5515,-1.35102
5516,-2.9075
5517,-2.27299
5518,-0.248091
5519,-0.714876
5520,-3.00591
5521,-4.81487
5522,-1.73366
5523,-0.0760155
5524,-0.681828
5525,-3.66386
5526,-2.82392
5527,-1.27438
5528,-1.44692
5529,-3.22617
5530,-1.65844
5531,-1.51773
5532,-2.35232
5533,-2.19593
5534,-2.43169
5535,-2.39916
5536,-2.02643
5537,-0.570993
5538,-1.13362
5539,-2.42179
5540,-1.96627
5541,-2.01746
5542,-3.15054
5543,0.049751
5544,-1.23074
5545,-2.96345
5546,-4.30165
5547,-1.07332
5548,-0.945656
5549,-0.797205
5550,-2.34205
5551,-1.6367
5552,-2.68692
5553,-1.1888
5554,-2.11687
5555,-2.54449
5556,-0.911258
5557,-2.46051
5558,-2.23749
5559,-2.701
5560,-1.89189
5561,-2.55958
5562,-0.881302
5563,-0.0736589
5564,-2.64712
5565,-3.57835
5566,-2.22625
5567,-0.810632
5568,-1.24779
5569,-1.81826
5570,-2.07484
5571,-3.55492
5572,-2.12156
5573,-0.730277
5574,-1.05205
5575,-3.75168
5576,-1.02935
5577,-1.39209
5578,-2.80731
5579,-2.09121
5580,-2.56511
5581,-2.42476
5582,-1.16365
5583,-2.76595
5584,-2.65223
5585,-1.67864
5586,-0.635261
5587,-3.5613
5588,-1.82539
5589,-0.696801
5590,-3.13011
5591,-3.36143
5592,-1.71159
5593,0.749371
5594,-1.21562
5595,-2.55697
5596,-4.85658
5597,-1.95984
5598,-1.18884
5599,-0.550527
5600,-3.72366
5601,-2.06481
5602,-2.00444
5603,-2.02185
5604,-1.19985
5605,-3.28935
5606,-3.06625
5607,-1.17667
5608,-0.551284
5609,-4.31929
5610,-3.30005
5611,-1.26968
5612,-0.872027
5613,-2.7974
5614,-2.85288
5615,-2.55584
5616,-2.85774
5617,-0.395371
5618,-0.830535
5619,-2.82326
5620,-2.78759
5621,-2.8412
5622,-2.31177
5623,-1.24089
5624,-1.40388
5625,-1.31499
5626,-2.42432
5627,-2.56093
5628,-3.10758
5629,-1.95193
5630,-0.823018
5631,-2.96032
5632,-3.20866
5633,-1.09635
5634,-1.39093
5635,-5.42798
5636,-1.91469
5637,-0.187589
5638,-0.865227
5639,-3.93106
5640,-2.34999
5641,-1.67612
5642,-2.48696
5643,-0.603209
5644,-2.1455
5645,-2.31813
5646,-4.31718
5647,-2.30537
5648,-1.4878
5649,0.18989
5650,-4.15686
5651,-2.93525
5652,-1.85258
5653,-1.95648
5654,-3.47489
5655,-2.96399
5656,-0.65814
5657,-3.33058
5658,-2.67564
5659,-1.71199
5660,-2.41589
5661,-3.406
5662,-0.909217
5663,-1.54705
5664,-2.09207
5665,-2.63536
5666,-1.77068
5667,-2.31228
5668,-2.07272
5669,-1.9
5670,-2.29764
5671,-3.04121
5672,-2.03862
5673,-2.04015
5674,-0.170948
5675,-1.71209
5676,-4.63084
5677,-3.60763
5678,-0.136257
5679,-1.2543
5680,-4.1275
5681,-3.23125
5682,-1.14199
5683,-2.00313
5684,-2.73504
5685,-2.79753
5686,-2.36241
5687,-1.53741
5688,-0.175185
5689,-2.30203
5690,-3.40195
5691,-3.28464
5692,-0.812769
5693,-1.45459
5694,-2.94611
5695,-1.74815
5696,-2.9349
5697,-0.9822
5698,-2.33807
5699,-1.64836
5700,-2.01309
5701,-1.3954
5702,-3.26564
5703,-2.22414
5704,-1.04927
5705,-2.42892
5706,-3.03741
5707,-1.80074
5708,-2.14976
5709,-2.53139
5710,-2.02195
5711,-1.90694
5712,-3.07576
5713,-0.798073
5714,-1.16271
5715,-3.66213
5716,-2.68274
5717,-1.7656
5718,1.70542
5719,-1.45194
5720,-3.81147
5721,-3.85262
5722,-0.137837
5723,-0.930366
5724,-2.66581
5725,-2.54282
5726,-0.241618
5727,-2.39775
5728,-3.65916
5729,-0.790035
5730,-2.09939
5731,-2.9268
5732,-1.70736
5733,-0.0791813
5734,-3.3231
5735,-3.49884
5736,-1.09926
5737,-1.55949
5738,-1.77984
5739,-1.37
5740,-2.43658
5741,-3.62134
5742,0.109592
5743,-0.964264
5744,-2.71926
5745,-2.35612
5746,-2.1482
5747,-3.26505
5748,-2.66964
5749,0.970574
5750,-0.903208
5751,-3.55719
5752,-2.1222
5753,-1.25559
5754,-2.27059
5755,-1.56029
5756,-2.42194
5757,-2.03125
5758,-2.07185
5759,-0.840603
5760,-3.11171
5761,-3.24067
5762,-1.66953
5763,-0.236737
5764,-1.75281
5765,-3.08576
5766,-2.25101
5767,-1.42784
5768,0.331491
5769,-3.09252
5770,-2.14227
5771,-2.87482
5772,-1.37674
5773,-2.23418
5774,-0.785405
5775,-2.20218
5776,-2.23796
5777,-2.02065
5778,-2.10908
5779,-2.40296
5780,-2.0314
5781,-0.907988
5782,-2.97778
5783,-1.12652
5784,-2.02892
5785,-2.19981
5786,-2.91177
5787,-1.26727
5788,-0.970516
5789,-0.910436
5790,-1.51117
5791,-3.29069
5792,-2.83281
5793,0.682247
5794,-0.560408
5795,-4.77655
5796,-2.72942
5797,-0.186099
5798,-1.14493
5799,-2.40384
5800,-2.30271
5801,-1.45243
5802,-2.35425
5803,-1.26925
5804,-2.44985
5805,-2.80003
5806,-0.979331
5807,-1.12241
5808,-3.49651
5809,-1.73579
5810,-1.31605
5811,-2.24889
5812,-1.72248
5813,-0.243464
5814,-1.89307
5815,-2.56337
5816,-1.13259
5817,-1.72783
5818,-1.10059
5819,-1.09766
5820,-1.08874
5821,-4.23335
5822,-1.63915
5823,-1.07535
5824,0.621699
5825,-3.49374
5826,-1.80689
5827,-1.69494
5828,-2.16738
5829,-1.75141
5830,-2.59346
5831,-1.78359
5832,-1.53408
5833,-1.54728
5834,-2.44451
5835,-1.83172
5836,-2.05985
5837,-1.77956
5838,0.0272379
5839,-1.12246
5840,-3.19538
5841,-2.41802
5842,-1.04924
5843,0.589005
5844,-0.597621
5845,-2.31151
5846,-3.71734
5847,-1.20614
5848,0.608144
5849,-1.13967
5850,-3.23433
5851,-0.91774
5852,-0.494864
5853,-2.91187
5854,-2.88603
5855,-1.27229
5856,-1.78237
5857,-1.11295
5858,-1.16848
5859,-2.6787
5860,-2.07402
5861,-0.857518
5862,-3.13507
5863,-1.1309
5864,0.0558917
5865,-1.2223
5866,-4.45255
5867,-0.155104
5868,1.2804
5869,-2.49498
5870,-2.02083
5871,-2.63206
5872,-1.20187
5873,-1.10806
5874,1.23199
5875,-1.21981
5876,-2.26606
5877,-1.84115
5878,0.88071
5879,-2.69373
5880,-3.71872
5881,-1.18338
5882,0.236564
5883,-0.868777
5884,-3.05901
5885,-2.57585
5886,-0.69087
5887,-0.68346
5888,-1.94224
5889,-0.632498
5890,-1.37176
5891,-2.14552
5892,-2.66769
5893,0.295104
5894,-2.25802
5895,-1.93553
5896,-1.86087
5897,-1.41176
5898,-1.49455
5899,-0.890944
5900,-1.40665
5901,-2.26767
5902,-1.31186
5903,-1.6689
5904,-1.39713
5905,-1.43741
5906,-1.62191
5907,-2.39997
5908,0.0851135
5909,-0.760113
5910,-3.51646
5911,-2.24598
5912,0.283367
5913,-0.402301
5914,-1.48598
5915,-0.765092
5916,-2.39949
5917,-1.83709
5918,0.0938819
5919,-0.53941
5920,-2.62758
5921,-3.52097
5922,0.316447
5923,-1.3019
5924,-1.04143
5925,-1.80668
5926,-1.69727
5927,-2.56444
5928,-0.461281
5929,-1.94947
5930,-1.88749
5931,-1.06429
5932,-0.842795
5933,-1.40949
5934,-2.27553
5935,-1.36337
5936,-1.70627
5937,-0.674073
5938,-0.289021
5939,-1.01419
5940,-2.11194
5941,-1.62831
5942,-2.94741
5943,0.454656
5944,-0.44533
5945,-0.833656
5946,-3.2952
5947,-1.59924
5948,-0.672543
5949,0.136714
5950,-1.41617
5951,-2.52031
5952,-2.50638
